time,page,uid,button
1716630804474,userPanierPage,qMHVQGPKvNMdZLX8YnPH29ZYoyG3,viderPanier
1714833511549,userHomeScreenPageHeader,z5Vl3tUSRgalHfSho6JFNkpjxpn1,buttonOpenNotification
1716037087224,userPanierPage,03HAO5vU6BOlF3NSeYVTzyRaJ6W2,buttonPayer
1716049889219,userPrestataireDetailPageHeader,qMHVQGPKvNMdZLX8YnPH29ZYoyG3,buttonOpenPanier
1716027842126,userPrestataireDetailPageHeader,z5Vl3tUSRgalHfSho6JFNkpjxpn1,buttonOpenPanier
1717422530121,userHomeScreenPageHeader,xd90PSoHbugHnzRD3eqHotP076X2,buttonOpenSetting
1715628204954,userListePrestatairePage,qMHVQGPKvNMdZLX8YnPH29ZYoyG3,openNoteAndComment
1715167993126,userPanierPage,914umpyeZkY5lglo8KGumeZWF002,addButtonContact
1715707234375,userPrestataireDetailPageHeader,z5Vl3tUSRgalHfSho6JFNkpjxpn1,buttonOpenPanier
1716049958044,userHomeScreenPageHeader,qMHVQGPKvNMdZLX8YnPH29ZYoyG3,buttonOpenSetting
1715886071604,userPanierPage,uAncaFrlwHdOlav3P7h4cAm3bMJ3,buttonPayer
1715764861582,userHomeScreenPageHeader,914umpyeZkY5lglo8KGumeZWF002,buttonOpenPanier
1716031745412,userHomeScreenPageHeader,xgDgsGLYg7UttGQHjZ1cYneETio1,buttonOpenSetting
1715353519899,userHomeScreenPageHeader,z5Vl3tUSRgalHfSho6JFNkpjxpn1,buttonOpenPanier
1716773210633,userHomeScreenPageHeader,g1Os1DQ1U9UxVfYBnLKIl03XTEm2,buttonOpenSetting
1717774690646,userPanierPage,z5Vl3tUSRgalHfSho6JFNkpjxpn1,redirectionDanapay
1715954984440,userHomeScreenPageHeader,GLOi2DWR7seNFkuttoWH3m78CX12,buttonOpenSetting
1715764869097,userPanierPage,914umpyeZkY5lglo8KGumeZWF002,viderPanier
1714836005053,userHomeScreenPageHeader,914umpyeZkY5lglo8KGumeZWF002,buttonOpenNotification
1716035537144,userPrestataireDetailPageHeader,qMHVQGPKvNMdZLX8YnPH29ZYoyG3,buttonOpenPanier
1714830963819,userHomeScreenPageHeader,qMHVQGPKvNMdZLX8YnPH29ZYoyG3,buttonOpenPanier
1714826524535,userPanierPage,z5Vl3tUSRgalHfSho6JFNkpjxpn1,viderPanier
1715356207210,userPrestataireDetailPage,z5Vl3tUSRgalHfSho6JFNkpjxpn1,buttonBottomOpenPanier
1716128500237,userPrestataireDetailPage,z5Vl3tUSRgalHfSho6JFNkpjxpn1,addBonAchat
1715954329949,userHomeScreenPageHeader,914umpyeZkY5lglo8KGumeZWF002,buttonOpenSetting
1715278270181,userPanierPage,914umpyeZkY5lglo8KGumeZWF002,addButtonContact
1715279768741,userPanierPage,914umpyeZkY5lglo8KGumeZWF002,addButtonContact
1715788844529,userPanierPage,z5Vl3tUSRgalHfSho6JFNkpjxpn1,buttonPayer
1715951373741,userPanierPage,z5Vl3tUSRgalHfSho6JFNkpjxpn1,redirectionDanapay
1716628466621,userHomeScreenPageHeader,qMHVQGPKvNMdZLX8YnPH29ZYoyG3,buttonOpenSetting
1715353428458,userPrestataireDetailPage,z5Vl3tUSRgalHfSho6JFNkpjxpn1,buttonBottomOpenPanier
1716129248889,userHomeScreenPageHeader,qMHVQGPKvNMdZLX8YnPH29ZYoyG3,buttonOpenSetting
1717101885009,userHomeScreenPageHeader,miy7809XCNhXj9Bv0VfPYXob3AD2,buttonOpenSetting
1715100274910,userPrestataireDetailPage,qMHVQGPKvNMdZLX8YnPH29ZYoyG3,addBonAchat
1716646732073,userPrestataireDetailPageHeader,qMHVQGPKvNMdZLX8YnPH29ZYoyG3,buttonOpenPanier
1715708954483,userHomeScreenPageHeader,z5Vl3tUSRgalHfSho6JFNkpjxpn1,buttonOpenSetting
1716041021461,userPrestataireDetailPage,qMHVQGPKvNMdZLX8YnPH29ZYoyG3,addBonAchat
1716636496956,userPanierPage,qMHVQGPKvNMdZLX8YnPH29ZYoyG3,viderPanier
1717494705998,userPanierPage,r4uAkw35sxMJVTxx21DUWW4P5HB3,buttonPayer
1717774616415,userPrestataireDetailPage,z5Vl3tUSRgalHfSho6JFNkpjxpn1,addBonAchat
1715538785433,userPanierPage,qMHVQGPKvNMdZLX8YnPH29ZYoyG3,addButtonContact
1716642978071,userPrestataireDetailPageHeader,qMHVQGPKvNMdZLX8YnPH29ZYoyG3,buttonOpenPanier
1716642553193,userPanierPage,qMHVQGPKvNMdZLX8YnPH29ZYoyG3,viderPanier
1716028125495,userHomeScreenPageHeader,z5Vl3tUSRgalHfSho6JFNkpjxpn1,buttonOpenSetting
1717428779466,userPrestataireDetailPageHeader,z5Vl3tUSRgalHfSho6JFNkpjxpn1,buttonOpenPanier
1715353995216,userHomeScreenPageHeader,z5Vl3tUSRgalHfSho6JFNkpjxpn1,buttonOpenPanier
1716628607308,userPanierPage,b6aunqCXt4RLfdmcQLxYZR1F6W33,redirectionDanapay
1714826421455,userPanierPage,z5Vl3tUSRgalHfSho6JFNkpjxpn1,addButtonContact
1716549144515,userPrestataireDetailPage,03HAO5vU6BOlF3NSeYVTzyRaJ6W2,buttonBottomOpenPanier
1716980470547,userPrestataireDetailPage,8H4CV34KQHgrMj1DLy4J2NwlF5e2,buttonBottomOpenPanier
1715764471397,userPanierPage,914umpyeZkY5lglo8KGumeZWF002,viderPanier
1716124128174,userHomeScreenPageHeader,z5Vl3tUSRgalHfSho6JFNkpjxpn1,buttonOpenSetting
1715765648665,userPrestataireDetailPageHeader,914umpyeZkY5lglo8KGumeZWF002,buttonOpenPanier
1715279014049,userPanierPage,914umpyeZkY5lglo8KGumeZWF002,addButtonContact
1715281212446,userPanierPage,914umpyeZkY5lglo8KGumeZWF002,addButtonContact
1714829669224,userPanierPage,qMHVQGPKvNMdZLX8YnPH29ZYoyG3,viderPanier
1715279466173,userHomeScreenPageHeader,914umpyeZkY5lglo8KGumeZWF002,buttonOpenPanier
1715787499373,userHomeScreenPageHeader,z5Vl3tUSRgalHfSho6JFNkpjxpn1,buttonOpenNotification
1716743010381,userHomeScreenPageHeader,AkK9DilFPCOis7c5aImtHk8Ui5m1,buttonOpenPanier
1714835476180,userHomeScreenPageHeader,z5Vl3tUSRgalHfSho6JFNkpjxpn1,buttonOpenNotification
1714830395738,userPrestataireDetailPageHeader,qMHVQGPKvNMdZLX8YnPH29ZYoyG3,buttonOpenPanier
1714834208747,userHomeScreenPageHeader,qMHVQGPKvNMdZLX8YnPH29ZYoyG3,buttonOpenNotification
1716041522271,userPrestataireDetailPage,87e8FtLhawXUWZ2rR1FXpBZ2Mtz2,addBonAchat
1717943980679,userPrestataireDetailPage,g1Os1DQ1U9UxVfYBnLKIl03XTEm2,addBonAchat
1716631493819,userPrestataireDetailPage,qMHVQGPKvNMdZLX8YnPH29ZYoyG3,addBonAchat
1715066907531,userPanierPage,914umpyeZkY5lglo8KGumeZWF002,buttonPayer
1714827782226,userPrestataireDetailPage,914umpyeZkY5lglo8KGumeZWF002,buttonBottomOpenPanier
1716632829069,userPrestataireDetailPageHeader,qMHVQGPKvNMdZLX8YnPH29ZYoyG3,buttonOpenPanier
1715957099890,userHomeScreenPageHeader,z5Vl3tUSRgalHfSho6JFNkpjxpn1,buttonOpenSetting
1717080708372,userPanierPage,8H4CV34KQHgrMj1DLy4J2NwlF5e2,buttonPayer
1715788817949,userPrestataireDetailPage,z5Vl3tUSRgalHfSho6JFNkpjxpn1,addBonAchat
1714834345610,userHomeScreenPageHeader,z5Vl3tUSRgalHfSho6JFNkpjxpn1,buttonOpenNotification
1716904292737,userPrestataireDetailPageHeader,hA911Hr90KPbY6yO0OACx8tP2NE2,buttonOpenPanier
1715276942462,userPanierPage,914umpyeZkY5lglo8KGumeZWF002,addButtonContact
1715707239407,userPanierPage,z5Vl3tUSRgalHfSho6JFNkpjxpn1,viderPanier
1715764945732,userPanierPage,914umpyeZkY5lglo8KGumeZWF002,buttonPayer
1714832105742,userPanierPage,z5Vl3tUSRgalHfSho6JFNkpjxpn1,addButtonContact
1715875047318,userPrestataireDetailPage,hA911Hr90KPbY6yO0OACx8tP2NE2,addBonAchat
1715963449965,userPanierPage,z5Vl3tUSRgalHfSho6JFNkpjxpn1,redirectionDanapay
1714830850108,userPanierPage,qMHVQGPKvNMdZLX8YnPH29ZYoyG3,buttonPayer
1715960537239,userPanierPage,b6aunqCXt4RLfdmcQLxYZR1F6W33,buttonPayer
1717243372950,userPanierPage,z5Vl3tUSRgalHfSho6JFNkpjxpn1,viderPanier
1716028016215,userPrestataireDetailPage,z5Vl3tUSRgalHfSho6JFNkpjxpn1,addBonAchat
1716134078375,userPrestataireDetailPage,GzZT4dNYCbRjK0TBq4Sre4jcYGh1,addBonAchat
1715099206541,userPanierPage,z5Vl3tUSRgalHfSho6JFNkpjxpn1,viderPanier
1715788883316,userHomeScreenPageHeader,z5Vl3tUSRgalHfSho6JFNkpjxpn1,buttonOpenNotification
1716980493865,userPanierPage,8H4CV34KQHgrMj1DLy4J2NwlF5e2,addButtonContact
1715540107580,userHomeScreenPageHeader,qMHVQGPKvNMdZLX8YnPH29ZYoyG3,buttonOpenPanier
1715788897180,userHomeScreenPageHeader,z5Vl3tUSRgalHfSho6JFNkpjxpn1,buttonOpenNotification
1716639542302,userHomeScreenPageHeader,qMHVQGPKvNMdZLX8YnPH29ZYoyG3,buttonOpenSetting
1716117386868,userPanierPage,qMHVQGPKvNMdZLX8YnPH29ZYoyG3,viderPanier
1716743743719,userHomeScreenPageHeader,AkK9DilFPCOis7c5aImtHk8Ui5m1,buttonOpenSetting
1714829325222,userHomeScreenPageHeader,qMHVQGPKvNMdZLX8YnPH29ZYoyG3,buttonOpenSetting
1715766273100,userHomeScreenPageHeader,914umpyeZkY5lglo8KGumeZWF002,buttonOpenSetting
1715960520958,userPrestataireDetailPageHeader,b6aunqCXt4RLfdmcQLxYZR1F6W33,buttonOpenPanier
1714830966355,userPanierPage,qMHVQGPKvNMdZLX8YnPH29ZYoyG3,viderPanier
1714828715276,userHomeScreenPageHeader,qMHVQGPKvNMdZLX8YnPH29ZYoyG3,buttonOpenNotification
1716641592377,userHomeScreenPageHeader,qMHVQGPKvNMdZLX8YnPH29ZYoyG3,buttonOpenSetting
1715276796913,userPanierPage,914umpyeZkY5lglo8KGumeZWF002,addButtonContact
1717102265022,userHomeScreenPageHeader,miy7809XCNhXj9Bv0VfPYXob3AD2,buttonOpenSetting
1716028023245,userPrestataireDetailPage,z5Vl3tUSRgalHfSho6JFNkpjxpn1,buttonBottomOpenPanier
1715279012670,userHomeScreenPageHeader,914umpyeZkY5lglo8KGumeZWF002,buttonOpenPanier
1715102398893,userHomeScreenPageHeader,qMHVQGPKvNMdZLX8YnPH29ZYoyG3,buttonOpenPanier
1714827729381,userPrestataireDetailPageHeader,914umpyeZkY5lglo8KGumeZWF002,buttonOpenPanier
1715955793257,userPanierPage,b6aunqCXt4RLfdmcQLxYZR1F6W33,buttonPayer
1715628562220,userHomeScreenPageHeader,qMHVQGPKvNMdZLX8YnPH29ZYoyG3,buttonOpenPanier
1715101406650,userHomeScreenPageHeader,qMHVQGPKvNMdZLX8YnPH29ZYoyG3,buttonOpenPanier
1716631315415,userPanierPage,qMHVQGPKvNMdZLX8YnPH29ZYoyG3,viderPanier
1716128693987,userPanierPage,qMHVQGPKvNMdZLX8YnPH29ZYoyG3,viderPanier
1716027707078,userHomeScreenPageHeader,z5Vl3tUSRgalHfSho6JFNkpjxpn1,buttonOpenNotification
1716634768109,userPanierPage,qMHVQGPKvNMdZLX8YnPH29ZYoyG3,viderPanier
1716037078140,userPanierPage,03HAO5vU6BOlF3NSeYVTzyRaJ6W2,buttonPayer
1714827795715,userPanierPage,914umpyeZkY5lglo8KGumeZWF002,buttonPayer
1715765051823,userHomeScreenPageHeader,t9cM4WpKxdhhI6qYJ4hOJv3klds2,buttonOpenSetting
1717482183638,userHomeScreenPageHeader,1kftiDxaQlT4N0NFXV4Ff70KgBF3,buttonOpenSetting
1716549122074,userPrestataireDetailPage,03HAO5vU6BOlF3NSeYVTzyRaJ6W2,addBonAchat
1716637868698,userHomeScreenPageHeader,qMHVQGPKvNMdZLX8YnPH29ZYoyG3,buttonOpenSetting
1716116381067,userHomeScreenPageHeader,qMHVQGPKvNMdZLX8YnPH29ZYoyG3,buttonOpenSetting
1715275062146,userPanierPage,914umpyeZkY5lglo8KGumeZWF002,addButtonContact
1715538817993,userPrestataireDetailPageHeader,qMHVQGPKvNMdZLX8YnPH29ZYoyG3,buttonOpenPanier
1715796569578,userHomeScreenPageHeader,z5Vl3tUSRgalHfSho6JFNkpjxpn1,buttonOpenNotification
1715788830969,userPrestataireDetailPageHeader,z5Vl3tUSRgalHfSho6JFNkpjxpn1,buttonOpenPanier
1716044819532,userPrestataireDetailPageHeader,qMHVQGPKvNMdZLX8YnPH29ZYoyG3,buttonOpenPanier
1716631450467,userPrestataireDetailPage,qMHVQGPKvNMdZLX8YnPH29ZYoyG3,addBonAchat
1716128614399,userHomeScreenPageHeader,z5Vl3tUSRgalHfSho6JFNkpjxpn1,buttonOpenSetting
1715849168149,userPanierPage,SF41IxDyM4RSbTEsLNV1TP7JhdE2,viderPanier
1716136272980,userPrestataireDetailPage,qMHVQGPKvNMdZLX8YnPH29ZYoyG3,addBonAchat
1715354339179,userHomeScreenPageHeader,z5Vl3tUSRgalHfSho6JFNkpjxpn1,buttonOpenPanier
1715103302625,userPanierPage,qMHVQGPKvNMdZLX8YnPH29ZYoyG3,viderPanier
1715628399186,userListePrestatairePage,qMHVQGPKvNMdZLX8YnPH29ZYoyG3,openNoteAndComment
1716648104317,userPrestataireDetailPageHeader,qMHVQGPKvNMdZLX8YnPH29ZYoyG3,buttonOpenPanier
1714834449083,userHomeScreenPageHeader,qMHVQGPKvNMdZLX8YnPH29ZYoyG3,buttonOpenNotification
1715886139189,userPanierPage,uAncaFrlwHdOlav3P7h4cAm3bMJ3,buttonPayer
1715356254708,userPrestataireDetailPage,z5Vl3tUSRgalHfSho6JFNkpjxpn1,buttonBottomOpenPanier
1717061882272,userPrestataireDetailPage,X5pSoHXR7oa4XH90Mg3huDaWASt1,addBonAchat
1716127558884,userPrestataireDetailPageHeader,qMHVQGPKvNMdZLX8YnPH29ZYoyG3,buttonOpenPanier
1716474302251,userPrestataireDetailPageHeader,O2XVZMacTGYqtKj6BTP6oJPX9cq2,buttonOpenPanier
1715886678935,userHomeScreenPageHeader,z5Vl3tUSRgalHfSho6JFNkpjxpn1,buttonOpenNotification
1716630486553,userPanierPage,qMHVQGPKvNMdZLX8YnPH29ZYoyG3,viderPanier
1715886151603,userPanierPage,uAncaFrlwHdOlav3P7h4cAm3bMJ3,buttonPayer
1717774754312,userHomeScreenPageHeader,z5Vl3tUSRgalHfSho6JFNkpjxpn1,buttonOpenNotification
1714831728157,userPanierPage,z5Vl3tUSRgalHfSho6JFNkpjxpn1,addButtonContact
1714835644367,userHomeScreenPageHeader,z5Vl3tUSRgalHfSho6JFNkpjxpn1,buttonOpenNotification
1714827791946,userHomeScreenPageHeader,SF41IxDyM4RSbTEsLNV1TP7JhdE2,buttonOpenSetting
1715628668871,userPanierPage,qMHVQGPKvNMdZLX8YnPH29ZYoyG3,addButtonContact
1715353685101,userPanierPage,z5Vl3tUSRgalHfSho6JFNkpjxpn1,addButtonContact
1716115778130,userHomeScreenPageHeader,qMHVQGPKvNMdZLX8YnPH29ZYoyG3,buttonOpenSetting
1715951209877,userPrestataireDetailPage,z5Vl3tUSRgalHfSho6JFNkpjxpn1,addBonAchat
1716116466805,userPanierPage,qMHVQGPKvNMdZLX8YnPH29ZYoyG3,viderPanier
1715886515315,userPrestataireDetailPage,z5Vl3tUSRgalHfSho6JFNkpjxpn1,addBonAchat
1714828317778,userPanierPage,qMHVQGPKvNMdZLX8YnPH29ZYoyG3,addButtonContact
1716646675341,userHomeScreenPageHeader,qMHVQGPKvNMdZLX8YnPH29ZYoyG3,buttonOpenSetting
1716027152068,userPanierPage,z5Vl3tUSRgalHfSho6JFNkpjxpn1,buttonPayer
1717346822758,userHomeScreenPageHeader,CK6EheHcv2PNn2KXemVclQmzlBP2,buttonOpenSetting
1717944036159,userPanierPage,g1Os1DQ1U9UxVfYBnLKIl03XTEm2,buttonPayer
1716044983937,userPrestataireDetailPage,z5Vl3tUSRgalHfSho6JFNkpjxpn1,buttonBottomOpenPanier
1714828370705,userPanierPage,qMHVQGPKvNMdZLX8YnPH29ZYoyG3,viderPanier
1715926769573,userHomeScreenPageHeader,SF41IxDyM4RSbTEsLNV1TP7JhdE2,buttonOpenSetting
1715278861545,userPanierPage,914umpyeZkY5lglo8KGumeZWF002,addButtonContact
1716035770335,userPrestataireDetailPageHeader,jkChc1Rrx9cuUyCM1LDJPS3Rl9h2,buttonOpenPanier
1714829507113,userPanierPage,qMHVQGPKvNMdZLX8YnPH29ZYoyG3,addButtonContact
1715166991122,userPanierPage,914umpyeZkY5lglo8KGumeZWF002,addButtonContact
1715764653743,userPrestataireDetailPageHeader,914umpyeZkY5lglo8KGumeZWF002,buttonOpenPanier
1715354112173,userPanierPage,z5Vl3tUSRgalHfSho6JFNkpjxpn1,addButtonContact
1715955035885,userHomeScreenPageHeader,uAncaFrlwHdOlav3P7h4cAm3bMJ3,buttonOpenSetting
1715955337903,userHomeScreenPageHeader,uAncaFrlwHdOlav3P7h4cAm3bMJ3,buttonOpenSetting
1716208067097,userHomeScreenPageHeader,ldBmjwfJ4nao6I0c3QkSWVyxInC3,buttonOpenNotification
1716904332256,userHomeScreenPageHeader,hA911Hr90KPbY6yO0OACx8tP2NE2,buttonOpenPanier
1716474357654,userPanierPage,O2XVZMacTGYqtKj6BTP6oJPX9cq2,buttonPayer
1716644819044,userHomeScreenPageHeader,qMHVQGPKvNMdZLX8YnPH29ZYoyG3,buttonOpenSetting
1715165055641,userPanierPage,914umpyeZkY5lglo8KGumeZWF002,addButtonContact
1715763270185,userHomeScreenPageHeader,z5Vl3tUSRgalHfSho6JFNkpjxpn1,buttonOpenSetting
1714836467999,userHomeScreenPageHeader,qMHVQGPKvNMdZLX8YnPH29ZYoyG3,buttonOpenNotification
1716044965883,userPanierPage,qMHVQGPKvNMdZLX8YnPH29ZYoyG3,viderPanier
1715886096819,userPanierPage,z5Vl3tUSRgalHfSho6JFNkpjxpn1,addButtonContact
1715795873089,userPanierPage,z5Vl3tUSRgalHfSho6JFNkpjxpn1,addButtonContact
1715785529477,userPanierPage,z5Vl3tUSRgalHfSho6JFNkpjxpn1,redirectionDanapay
1716644069097,userHomeScreenPageHeader,qMHVQGPKvNMdZLX8YnPH29ZYoyG3,buttonOpenSetting
1716028031196,userPanierPage,z5Vl3tUSRgalHfSho6JFNkpjxpn1,addButtonContact
1716980434795,userPrestataireDetailPage,8H4CV34KQHgrMj1DLy4J2NwlF5e2,addBonAchat
1716636955718,userHomeScreenPageHeader,I6elAlW14FXyawwu9ri0ANirM0x1,buttonOpenPanier
1715354417021,userPanierPage,z5Vl3tUSRgalHfSho6JFNkpjxpn1,addButtonContact
1717101843828,userHomeScreenPageHeader,miy7809XCNhXj9Bv0VfPYXob3AD2,buttonOpenNotification
1716028056340,userPanierPage,z5Vl3tUSRgalHfSho6JFNkpjxpn1,buttonPayer
1716474309765,userPanierPage,O2XVZMacTGYqtKj6BTP6oJPX9cq2,buttonPayer
1715278496490,userPrestataireDetailPageHeader,914umpyeZkY5lglo8KGumeZWF002,buttonOpenPanier
1714833307692,userHomeScreenPageHeader,z5Vl3tUSRgalHfSho6JFNkpjxpn1,buttonOpenNotification
1715863566300,userPrestataireDetailPageHeader,qMHVQGPKvNMdZLX8YnPH29ZYoyG3,buttonOpenPanier
1714724492907,userHomeScreenPageHeader,z5Vl3tUSRgalHfSho6JFNkpjxpn1,buttonOpenSetting
1716056538277,userPrestataireDetailPage,qMHVQGPKvNMdZLX8YnPH29ZYoyG3,addBonAchat
1716115067149,userPanierPage,qMHVQGPKvNMdZLX8YnPH29ZYoyG3,viderPanier
1714827952295,userHomeScreenPageHeader,z5Vl3tUSRgalHfSho6JFNkpjxpn1,buttonOpenNotification
1715957177368,userPrestataireDetailPage,b6aunqCXt4RLfdmcQLxYZR1F6W33,buttonBottomOpenPanier
1716637276211,userHomeScreenPageHeader,I6elAlW14FXyawwu9ri0ANirM0x1,buttonOpenSetting
1715354233303,userHomeScreenPageHeader,z5Vl3tUSRgalHfSho6JFNkpjxpn1,buttonOpenPanier
1716137788691,userHomeScreenPageHeader,qMHVQGPKvNMdZLX8YnPH29ZYoyG3,buttonOpenSetting
1716132880533,userPrestataireDetailPageHeader,qMHVQGPKvNMdZLX8YnPH29ZYoyG3,buttonOpenPanier
1715628566049,userPanierPage,qMHVQGPKvNMdZLX8YnPH29ZYoyG3,addButtonContact
1715953711150,userHomeScreenPageHeader,313VQeWKBWVSt90xfJKK0Y803ga2,buttonOpenNotification
1716641498325,userPrestataireDetailPageHeader,qMHVQGPKvNMdZLX8YnPH29ZYoyG3,buttonOpenPanier
1716037054805,userPanierPage,03HAO5vU6BOlF3NSeYVTzyRaJ6W2,addButtonContact
1716811299739,userHomeScreenPageHeader,g1Os1DQ1U9UxVfYBnLKIl03XTEm2,buttonOpenSetting
1714831726492,userHomeScreenPageHeader,z5Vl3tUSRgalHfSho6JFNkpjxpn1,buttonOpenPanier
1716628540198,userPrestataireDetailPageHeader,b6aunqCXt4RLfdmcQLxYZR1F6W33,buttonOpenPanier
1715278528750,userPanierPage,914umpyeZkY5lglo8KGumeZWF002,addButtonContact
1715707225735,userPrestataireDetailPage,z5Vl3tUSRgalHfSho6JFNkpjxpn1,addBonAchat
1715764837979,userHomeScreenPageHeader,914umpyeZkY5lglo8KGumeZWF002,buttonOpenPanier
1714833486233,userPanierPage,914umpyeZkY5lglo8KGumeZWF002,buttonPayer
1717906372525,userPrestataireDetailPageHeader,87e8FtLhawXUWZ2rR1FXpBZ2Mtz2,buttonOpenPanier
1715765670580,userPanierPage,914umpyeZkY5lglo8KGumeZWF002,viderPanier
1715957191643,userPanierPage,b6aunqCXt4RLfdmcQLxYZR1F6W33,buttonPayer
1715764421429,userPrestataireDetailPageHeader,914umpyeZkY5lglo8KGumeZWF002,buttonOpenPanier
1716116378784,userHomeScreenPageHeader,qMHVQGPKvNMdZLX8YnPH29ZYoyG3,buttonOpenSetting
1714832186262,userPanierPage,z5Vl3tUSRgalHfSho6JFNkpjxpn1,redirectionDanapay
1714828472053,userHomeScreenPageHeader,qMHVQGPKvNMdZLX8YnPH29ZYoyG3,buttonOpenPanier
1716117419440,userHomeScreenPageHeader,qMHVQGPKvNMdZLX8YnPH29ZYoyG3,buttonOpenSetting
1715100350921,userPanierPage,qMHVQGPKvNMdZLX8YnPH29ZYoyG3,addButtonContact
1716027130618,userPrestataireDetailPage,z5Vl3tUSRgalHfSho6JFNkpjxpn1,addBonAchat
1715354527406,userPrestataireDetailPage,z5Vl3tUSRgalHfSho6JFNkpjxpn1,addBonAchat
1714832035201,userHomeScreenPageHeader,z5Vl3tUSRgalHfSho6JFNkpjxpn1,buttonOpenPanier
1715957142738,userHomeScreenPageHeader,b6aunqCXt4RLfdmcQLxYZR1F6W33,buttonOpenSetting
1715278854278,userPrestataireDetailPageHeader,914umpyeZkY5lglo8KGumeZWF002,buttonOpenPanier
1714833185366,userHomeScreenPageHeader,z5Vl3tUSRgalHfSho6JFNkpjxpn1,buttonOpenPanier
1717243347781,userPrestataireDetailPageHeader,z5Vl3tUSRgalHfSho6JFNkpjxpn1,buttonOpenPanier
1716631514629,userPrestataireDetailPageHeader,qMHVQGPKvNMdZLX8YnPH29ZYoyG3,buttonOpenPanier
1716205632740,userPrestataireDetailPage,bD9Zu0RHF0Vk1WGtyTAScOiZKRg2,addBonAchat
1715101663781,userPanierPage,qMHVQGPKvNMdZLX8YnPH29ZYoyG3,addButtonContact
1715354110066,userHomeScreenPageHeader,z5Vl3tUSRgalHfSho6JFNkpjxpn1,buttonOpenPanier
1716649924193,userHomeScreenPageHeader,qMHVQGPKvNMdZLX8YnPH29ZYoyG3,buttonOpenSetting
1715538898718,userPanierPage,qMHVQGPKvNMdZLX8YnPH29ZYoyG3,addButtonContact
1716643963769,userPanierPage,qMHVQGPKvNMdZLX8YnPH29ZYoyG3,viderPanier
1716121575526,userPanierPage,z5Vl3tUSRgalHfSho6JFNkpjxpn1,buttonPayer
1716650635470,userHomeScreenPageHeader,qMHVQGPKvNMdZLX8YnPH29ZYoyG3,buttonOpenSetting
1717102349253,userHomeScreenPageHeader,miy7809XCNhXj9Bv0VfPYXob3AD2,buttonOpenSetting
1715098622741,userPrestataireDetailPageHeader,z5Vl3tUSRgalHfSho6JFNkpjxpn1,buttonOpenPanier
1716636153159,userHomeScreenPageHeader,qMHVQGPKvNMdZLX8YnPH29ZYoyG3,buttonOpenSetting
1715791844492,userHomeScreenPageHeader,z5Vl3tUSRgalHfSho6JFNkpjxpn1,buttonOpenNotification
1715631790905,userHomeScreenPageHeader,qMHVQGPKvNMdZLX8YnPH29ZYoyG3,buttonOpenSetting
1716035687970,userHomeScreenPageHeader,qMHVQGPKvNMdZLX8YnPH29ZYoyG3,buttonOpenSetting
1716636502468,userPrestataireDetailPage,qMHVQGPKvNMdZLX8YnPH29ZYoyG3,addBonAchat
1714835715320,userHomeScreenPageHeader,z5Vl3tUSRgalHfSho6JFNkpjxpn1,buttonOpenNotification
1715166624269,userPanierPage,914umpyeZkY5lglo8KGumeZWF002,addButtonContact
1715536486756,userPanierPage,z5Vl3tUSRgalHfSho6JFNkpjxpn1,viderPanier
1715849165629,userPrestataireDetailPageHeader,SF41IxDyM4RSbTEsLNV1TP7JhdE2,buttonOpenPanier
1716629927589,userHomeScreenPageHeader,qMHVQGPKvNMdZLX8YnPH29ZYoyG3,buttonOpenSetting
1715101622444,userHomeScreenPageHeader,qMHVQGPKvNMdZLX8YnPH29ZYoyG3,buttonOpenPanier
1714830336030,userPrestataireDetailPageHeader,qMHVQGPKvNMdZLX8YnPH29ZYoyG3,buttonOpenPanier
1716049953796,userPanierPage,qMHVQGPKvNMdZLX8YnPH29ZYoyG3,viderPanier
1716904267111,userPrestataireDetailPage,hA911Hr90KPbY6yO0OACx8tP2NE2,addBonAchat
1716027262755,userHomeScreenPageHeader,z5Vl3tUSRgalHfSho6JFNkpjxpn1,buttonOpenNotification
1714829133202,userHomeScreenPageHeader,qMHVQGPKvNMdZLX8YnPH29ZYoyG3,buttonOpenNotification
1717243330482,userPrestataireDetailPage,z5Vl3tUSRgalHfSho6JFNkpjxpn1,addBonAchat
1715432045740,userPanierPage,914umpyeZkY5lglo8KGumeZWF002,addButtonContact
1717428164578,userHomeScreenPageHeader,z5Vl3tUSRgalHfSho6JFNkpjxpn1,buttonOpenNotification
1714828532565,userPanierPage,qMHVQGPKvNMdZLX8YnPH29ZYoyG3,redirectionDanapay
1714828264042,userPrestataireDetailPage,qMHVQGPKvNMdZLX8YnPH29ZYoyG3,addBonAchat
1716629857397,userPrestataireDetailPageHeader,qMHVQGPKvNMdZLX8YnPH29ZYoyG3,buttonOpenPanier
1716635231109,userHomeScreenPageHeader,qMHVQGPKvNMdZLX8YnPH29ZYoyG3,buttonOpenSetting
1715431125696,userPanierPage,914umpyeZkY5lglo8KGumeZWF002,addButtonContact
1715281944287,userPrestataireDetailPageHeader,914umpyeZkY5lglo8KGumeZWF002,buttonOpenPanier
1715431320087,userHomeScreenPageHeader,914umpyeZkY5lglo8KGumeZWF002,buttonOpenPanier
1716121579948,userPanierPage,z5Vl3tUSRgalHfSho6JFNkpjxpn1,redirectionDanapay
1717352316082,userHomeScreenPageHeader,2Dnk3xqJF6NF4ZJWcA7f2zrlnO13,buttonOpenSetting
1715431635584,userPrestataireDetailPageHeader,914umpyeZkY5lglo8KGumeZWF002,buttonOpenPanier
1715165053253,userPrestataireDetailPageHeader,914umpyeZkY5lglo8KGumeZWF002,buttonOpenPanier
1716045979672,userHomeScreenPageHeader,qMHVQGPKvNMdZLX8YnPH29ZYoyG3,buttonOpenSetting
1715955219033,userHomeScreenPageHeader,uAncaFrlwHdOlav3P7h4cAm3bMJ3,buttonOpenSetting
1714832101648,userHomeScreenPageHeader,z5Vl3tUSRgalHfSho6JFNkpjxpn1,buttonOpenPanier
1715353997991,userPanierPage,z5Vl3tUSRgalHfSho6JFNkpjxpn1,addButtonContact
1716127037601,userHomeScreenPageHeader,qMHVQGPKvNMdZLX8YnPH29ZYoyG3,buttonOpenSetting
1716106117708,userHomeScreenPageHeader,qMHVQGPKvNMdZLX8YnPH29ZYoyG3,buttonOpenSetting
1716029109815,userHomeScreenPageHeader,qMHVQGPKvNMdZLX8YnPH29ZYoyG3,buttonOpenSetting
1716631515595,userPanierPage,qMHVQGPKvNMdZLX8YnPH29ZYoyG3,viderPanier
1715886221930,userHomeScreenPageHeader,uAncaFrlwHdOlav3P7h4cAm3bMJ3,buttonOpenNotification
1716046208052,userPrestataireDetailPage,qMHVQGPKvNMdZLX8YnPH29ZYoyG3,addBonAchat
1714827772850,userPrestataireDetailPage,914umpyeZkY5lglo8KGumeZWF002,addBonAchat
1716027212444,userPanierPage,z5Vl3tUSRgalHfSho6JFNkpjxpn1,buttonPayer
1715431321517,userPanierPage,914umpyeZkY5lglo8KGumeZWF002,addButtonContact
1715353422057,userPrestataireDetailPage,z5Vl3tUSRgalHfSho6JFNkpjxpn1,addBonAchat
1716133994621,userPanierPage,qMHVQGPKvNMdZLX8YnPH29ZYoyG3,viderPanier
1715785632463,userHomeScreenPageHeader,z5Vl3tUSRgalHfSho6JFNkpjxpn1,buttonOpenNotification
1715354185895,userHomeScreenPageHeader,z5Vl3tUSRgalHfSho6JFNkpjxpn1,buttonOpenPanier
1716035579047,userPanierPage,qMHVQGPKvNMdZLX8YnPH29ZYoyG3,viderPanier
1715963338862,userPrestataireDetailPage,z5Vl3tUSRgalHfSho6JFNkpjxpn1,addBonAchat
1716466151859,userPrestataireDetailPage,axYHQ2yjnTdwLf6R7eP5LKm82Y53,addBonAchat
1715281946268,userPanierPage,914umpyeZkY5lglo8KGumeZWF002,addButtonContact
1716129205219,userPanierPage,qMHVQGPKvNMdZLX8YnPH29ZYoyG3,viderPanier
1716031765351,userHomeScreenPageHeader,z5Vl3tUSRgalHfSho6JFNkpjxpn1,buttonOpenNotification
1715354187940,userPanierPage,z5Vl3tUSRgalHfSho6JFNkpjxpn1,addButtonContact
1714832040849,userPanierPage,z5Vl3tUSRgalHfSho6JFNkpjxpn1,addButtonContact
1717243169573,userHomeScreenPageHeader,z5Vl3tUSRgalHfSho6JFNkpjxpn1,buttonOpenNotification
1715960527918,userPanierPage,b6aunqCXt4RLfdmcQLxYZR1F6W33,buttonPayer
1715786639212,userHomeScreenPageHeader,z5Vl3tUSRgalHfSho6JFNkpjxpn1,buttonOpenNotification
1716474315553,userPanierPage,O2XVZMacTGYqtKj6BTP6oJPX9cq2,addButtonContact
1717774628777,userPrestataireDetailPage,z5Vl3tUSRgalHfSho6JFNkpjxpn1,buttonBottomOpenPanier
1715352158336,userHomeScreenPageHeader,z5Vl3tUSRgalHfSho6JFNkpjxpn1,buttonOpenSetting
1715765768748,userPanierPage,914umpyeZkY5lglo8KGumeZWF002,buttonPayer
1715785590135,userPrestataireDetailPage,z5Vl3tUSRgalHfSho6JFNkpjxpn1,buttonBottomOpenPanier
1716037036464,userPanierPage,03HAO5vU6BOlF3NSeYVTzyRaJ6W2,buttonPayer
1717494605240,userPrestataireDetailPage,r4uAkw35sxMJVTxx21DUWW4P5HB3,buttonBottomOpenPanier
1715100404653,userPanierPage,qMHVQGPKvNMdZLX8YnPH29ZYoyG3,addButtonContact
1715886534050,userPrestataireDetailPage,z5Vl3tUSRgalHfSho6JFNkpjxpn1,addBonAchat
1715628499397,userPanierPage,qMHVQGPKvNMdZLX8YnPH29ZYoyG3,addButtonContact
1716041033290,userPrestataireDetailPageHeader,qMHVQGPKvNMdZLX8YnPH29ZYoyG3,buttonOpenPanier
1714827744291,userPrestataireDetailPage,914umpyeZkY5lglo8KGumeZWF002,buttonBottomOpenPanier
1715170480289,userPanierPage,914umpyeZkY5lglo8KGumeZWF002,addButtonContact
1716042670260,userHomeScreenPageHeader,qMHVQGPKvNMdZLX8YnPH29ZYoyG3,buttonOpenSetting
1716631374427,userHomeScreenPageHeader,qMHVQGPKvNMdZLX8YnPH29ZYoyG3,buttonOpenSetting
1716047605800,userHomeScreenPageHeader,qMHVQGPKvNMdZLX8YnPH29ZYoyG3,buttonOpenSetting
1716637649715,userPanierPage,qMHVQGPKvNMdZLX8YnPH29ZYoyG3,addBonAchat
1716045967710,userPanierPage,qMHVQGPKvNMdZLX8YnPH29ZYoyG3,viderPanier
1714828299530,userPrestataireDetailPage,qMHVQGPKvNMdZLX8YnPH29ZYoyG3,buttonBottomOpenPanier
1716137724661,userPrestataireDetailPageHeader,qMHVQGPKvNMdZLX8YnPH29ZYoyG3,buttonOpenPanier
1716536304907,userHomeScreenPageHeader,OFfw0tOPqLfFbMCfwNoVYcxKNJf1,buttonOpenNotification
1716029869760,userHomeScreenPageHeader,914umpyeZkY5lglo8KGumeZWF002,buttonOpenSetting
1715764882180,userPrestataireDetailPageHeader,914umpyeZkY5lglo8KGumeZWF002,buttonOpenPanier
1716057141566,userPrestataireDetailPageHeader,qMHVQGPKvNMdZLX8YnPH29ZYoyG3,buttonOpenPanier
1716031720573,userHomeScreenPageHeader,z5Vl3tUSRgalHfSho6JFNkpjxpn1,buttonOpenSetting
1716648072994,userPanierPage,qMHVQGPKvNMdZLX8YnPH29ZYoyG3,viderPanier
1714829615426,userPanierPage,qMHVQGPKvNMdZLX8YnPH29ZYoyG3,buttonPayer
1715166766456,userPrestataireDetailPageHeader,914umpyeZkY5lglo8KGumeZWF002,buttonOpenPanier
1716035597292,userHomeScreenPageHeader,qMHVQGPKvNMdZLX8YnPH29ZYoyG3,buttonOpenSetting
1715785238113,userHomeScreenPageHeader,z5Vl3tUSRgalHfSho6JFNkpjxpn1,buttonOpenNotification
1717354068065,userHomeScreenPageHeader,RM7mi4SVvGhIydxwmmt6djQQL3D3,buttonOpenSetting
1716035138971,userPanierPage,qMHVQGPKvNMdZLX8YnPH29ZYoyG3,addButtonContact
1716057181297,userPanierPage,qMHVQGPKvNMdZLX8YnPH29ZYoyG3,viderPanier
1716636962889,userPanierPage,I6elAlW14FXyawwu9ri0ANirM0x1,viderPanier
1715536485157,userPrestataireDetailPageHeader,z5Vl3tUSRgalHfSho6JFNkpjxpn1,buttonOpenPanier
1717352169136,userHomeScreenPageHeader,2Dnk3xqJF6NF4ZJWcA7f2zrlnO13,buttonOpenSetting
1716030766170,userPrestataireDetailPage,z5Vl3tUSRgalHfSho6JFNkpjxpn1,addBonAchat
1715764445004,userPanierPage,914umpyeZkY5lglo8KGumeZWF002,viderPanier
1715886050904,userPrestataireDetailPage,z5Vl3tUSRgalHfSho6JFNkpjxpn1,buttonBottomOpenPanier
1715849106142,userHomeScreenPageHeader,SF41IxDyM4RSbTEsLNV1TP7JhdE2,buttonOpenNotification
1715764896249,userPanierPage,914umpyeZkY5lglo8KGumeZWF002,viderPanier
1716049224246,userHomeScreenPageHeader,qMHVQGPKvNMdZLX8YnPH29ZYoyG3,buttonOpenSetting
1716636849610,userHomeScreenPageHeader,qMHVQGPKvNMdZLX8YnPH29ZYoyG3,buttonOpenSetting
1716142123387,userHomeScreenPageHeader,qMHVQGPKvNMdZLX8YnPH29ZYoyG3,buttonOpenSetting
1715353679812,userHomeScreenPageHeader,z5Vl3tUSRgalHfSho6JFNkpjxpn1,buttonOpenPanier
1715067160225,userHomeScreenPageHeader,914umpyeZkY5lglo8KGumeZWF002,buttonOpenPanier
1715765099144,userHomeScreenPageHeader,z5Vl3tUSRgalHfSho6JFNkpjxpn1,buttonOpenNotification
1717503525321,userHomeScreenPageHeader,omfHlCaqhLN7VprUtxb6IsvPNcr2,buttonOpenSetting
1715788852254,userPanierPage,z5Vl3tUSRgalHfSho6JFNkpjxpn1,redirectionDanapay
1715960726522,userHomeScreenPageHeader,b6aunqCXt4RLfdmcQLxYZR1F6W33,buttonOpenSetting
1714831704937,userPrestataireDetailPageHeader,z5Vl3tUSRgalHfSho6JFNkpjxpn1,buttonOpenPanier
1716534406705,userPrestataireDetailPage,NaPJhyyglGO5W5en9C6P4BoUXof2,addBonAchat
1716474278556,userPrestataireDetailPage,O2XVZMacTGYqtKj6BTP6oJPX9cq2,addBonAchat
1716534655180,userHomeScreenPageHeader,NaPJhyyglGO5W5en9C6P4BoUXof2,buttonOpenNotification
1715886566533,userPanierPage,z5Vl3tUSRgalHfSho6JFNkpjxpn1,redirectionDanapay
1715354557124,userPanierPage,z5Vl3tUSRgalHfSho6JFNkpjxpn1,viderPanier
1716046252689,userPanierPage,qMHVQGPKvNMdZLX8YnPH29ZYoyG3,viderPanier
1716056617936,userHomeScreenPageHeader,qMHVQGPKvNMdZLX8YnPH29ZYoyG3,buttonOpenSetting
1717080661913,userPanierPage,8H4CV34KQHgrMj1DLy4J2NwlF5e2,buttonPayer
1716639959844,userPrestataireDetailPageHeader,qMHVQGPKvNMdZLX8YnPH29ZYoyG3,buttonOpenPanier
1715789981721,userHomeScreenPageHeader,z5Vl3tUSRgalHfSho6JFNkpjxpn1,buttonOpenNotification
1715279467458,userPanierPage,914umpyeZkY5lglo8KGumeZWF002,addButtonContact
1716027156066,userPanierPage,z5Vl3tUSRgalHfSho6JFNkpjxpn1,redirectionDanapay
1716634765793,userHomeScreenPageHeader,qMHVQGPKvNMdZLX8YnPH29ZYoyG3,buttonOpenPanier
1716045216061,userHomeScreenPageHeader,87e8FtLhawXUWZ2rR1FXpBZ2Mtz2,buttonOpenNotification
1716127652953,userPanierPage,qMHVQGPKvNMdZLX8YnPH29ZYoyG3,viderPanier
1715765653631,userPanierPage,914umpyeZkY5lglo8KGumeZWF002,buttonPayer
1716638652742,userPrestataireDetailPageHeader,qMHVQGPKvNMdZLX8YnPH29ZYoyG3,buttonOpenPanier
1715951368953,userPanierPage,z5Vl3tUSRgalHfSho6JFNkpjxpn1,buttonPayer
1714833236847,userPanierPage,z5Vl3tUSRgalHfSho6JFNkpjxpn1,redirectionDanapay
1716637720094,userPanierPage,qMHVQGPKvNMdZLX8YnPH29ZYoyG3,viderPanier
1715785525499,userPanierPage,z5Vl3tUSRgalHfSho6JFNkpjxpn1,buttonPayer
1715170550311,userPanierPage,914umpyeZkY5lglo8KGumeZWF002,addButtonContact
1717449046258,userHomeScreenPageHeader,7odmEfSWmpOK0yXpKAux6oD84n33,buttonOpenSetting
1716904301660,userPanierPage,hA911Hr90KPbY6yO0OACx8tP2NE2,buttonPayer
1716630495232,userHomeScreenPageHeader,qMHVQGPKvNMdZLX8YnPH29ZYoyG3,buttonOpenSetting
1716549150482,userPanierPage,03HAO5vU6BOlF3NSeYVTzyRaJ6W2,buttonPayer
1716474142445,userHomeScreenPageHeader,O2XVZMacTGYqtKj6BTP6oJPX9cq2,buttonOpenSetting
1714832331248,userHomeScreenPageHeader,z5Vl3tUSRgalHfSho6JFNkpjxpn1,buttonOpenNotification
1717352100130,userHomeScreenPageHeader,2Dnk3xqJF6NF4ZJWcA7f2zrlnO13,buttonOpenSetting
1714833555323,userPrestataireDetailPageHeader,914umpyeZkY5lglo8KGumeZWF002,buttonOpenPanier
1715099760378,userPanierPage,qMHVQGPKvNMdZLX8YnPH29ZYoyG3,addButtonContact
1715796434482,userHomeScreenPageHeader,z5Vl3tUSRgalHfSho6JFNkpjxpn1,buttonOpenNotification
1716640107843,userHomeScreenPageHeader,qMHVQGPKvNMdZLX8YnPH29ZYoyG3,buttonOpenSetting
1716128569710,userPanierPage,z5Vl3tUSRgalHfSho6JFNkpjxpn1,viderPanier
1717834505421,userHomeScreenPageHeader,z5Vl3tUSRgalHfSho6JFNkpjxpn1,buttonOpenNotification
1715764931383,userPanierPage,914umpyeZkY5lglo8KGumeZWF002,buttonPayer
1716141965195,userPrestataireDetailPageHeader,qMHVQGPKvNMdZLX8YnPH29ZYoyG3,buttonOpenPanier
1717494709327,userPanierPage,r4uAkw35sxMJVTxx21DUWW4P5HB3,redirectionDanapay
1715166767998,userPanierPage,914umpyeZkY5lglo8KGumeZWF002,addButtonContact
1714827763285,userPanierPage,914umpyeZkY5lglo8KGumeZWF002,buttonPayer
1716742780428,userHomeScreenPageHeader,AkK9DilFPCOis7c5aImtHk8Ui5m1,buttonOpenSetting
1717774839540,userHomeScreenPageHeader,qMHVQGPKvNMdZLX8YnPH29ZYoyG3,buttonOpenSetting
1716028060564,userPanierPage,z5Vl3tUSRgalHfSho6JFNkpjxpn1,redirectionDanapay
1715695451204,userHomeScreenPageHeader,qMHVQGPKvNMdZLX8YnPH29ZYoyG3,buttonOpenSetting
1716743735058,userHomeScreenPageHeader,AkK9DilFPCOis7c5aImtHk8Ui5m1,buttonOpenNotification
1716031723208,userHomeScreenPageHeader,z5Vl3tUSRgalHfSho6JFNkpjxpn1,buttonOpenSetting
1715708992057,userHomeScreenPageHeader,qMHVQGPKvNMdZLX8YnPH29ZYoyG3,buttonOpenSetting
1715957171342,userPrestataireDetailPage,b6aunqCXt4RLfdmcQLxYZR1F6W33,addBonAchat
1714828375689,userPrestataireDetailPage,qMHVQGPKvNMdZLX8YnPH29ZYoyG3,addBonAchat
1715100289555,userPrestataireDetailPage,qMHVQGPKvNMdZLX8YnPH29ZYoyG3,buttonBottomOpenPanier
1715765677123,userPrestataireDetailPageHeader,914umpyeZkY5lglo8KGumeZWF002,buttonOpenPanier
1716041094155,userPanierPage,qMHVQGPKvNMdZLX8YnPH29ZYoyG3,viderPanier
1715066790495,userPanierPage,914umpyeZkY5lglo8KGumeZWF002,addButtonContact
1714826394654,userHomeScreenPageHeader,z5Vl3tUSRgalHfSho6JFNkpjxpn1,buttonOpenPanier
1716641731830,userHomeScreenPageHeader,qMHVQGPKvNMdZLX8YnPH29ZYoyG3,buttonOpenSetting
1716644732673,userPrestataireDetailPageHeader,qMHVQGPKvNMdZLX8YnPH29ZYoyG3,buttonOpenPanier
1715886122820,userPanierPage,uAncaFrlwHdOlav3P7h4cAm3bMJ3,buttonPayer
1717494624621,userPanierPage,r4uAkw35sxMJVTxx21DUWW4P5HB3,addButtonContact
1716636558983,userPanierPage,qMHVQGPKvNMdZLX8YnPH29ZYoyG3,viderPanier
1716636941338,userPrestataireDetailPage,I6elAlW14FXyawwu9ri0ANirM0x1,buttonBottomOpenPanier
1715166463024,userPanierPage,914umpyeZkY5lglo8KGumeZWF002,addButtonContact
1716030733297,userHomeScreenPageHeader,z5Vl3tUSRgalHfSho6JFNkpjxpn1,buttonOpenNotification
1715765041607,userHomeScreenPageHeader,t9cM4WpKxdhhI6qYJ4hOJv3klds2,buttonOpenNotification
1716027851800,userPanierPage,z5Vl3tUSRgalHfSho6JFNkpjxpn1,redirectionDanapay
1715863573599,userPanierPage,qMHVQGPKvNMdZLX8YnPH29ZYoyG3,viderPanier
1717101977241,userHomeScreenPageHeader,miy7809XCNhXj9Bv0VfPYXob3AD2,buttonOpenSetting
1715536165006,userHomeScreenPageHeader,z5Vl3tUSRgalHfSho6JFNkpjxpn1,buttonOpenSetting
1715960713151,userPanierPage,b6aunqCXt4RLfdmcQLxYZR1F6W33,buttonPayer
1717243070097,userPrestataireDetailPageHeader,z5Vl3tUSRgalHfSho6JFNkpjxpn1,buttonOpenPanier
1715278498805,userPanierPage,914umpyeZkY5lglo8KGumeZWF002,viderPanier
1716031687385,userPrestataireDetailPage,z5Vl3tUSRgalHfSho6JFNkpjxpn1,addBonAchat
1715945540968,userHomeScreenPageHeader,z5Vl3tUSRgalHfSho6JFNkpjxpn1,buttonOpenNotification
1714833188262,userPanierPage,z5Vl3tUSRgalHfSho6JFNkpjxpn1,addButtonContact
1716630758370,userPrestataireDetailPage,qMHVQGPKvNMdZLX8YnPH29ZYoyG3,addBonAchat
1716641438113,userPanierPage,qMHVQGPKvNMdZLX8YnPH29ZYoyG3,viderPanier
1715764469638,userPrestataireDetailPageHeader,914umpyeZkY5lglo8KGumeZWF002,buttonOpenPanier
1716044994294,userPanierPage,z5Vl3tUSRgalHfSho6JFNkpjxpn1,addButtonContact
1715957098133,userHomeScreenPageHeader,z5Vl3tUSRgalHfSho6JFNkpjxpn1,buttonOpenNotification
1715765668759,userPrestataireDetailPageHeader,914umpyeZkY5lglo8KGumeZWF002,buttonOpenPanier
1714724272475,userHomeScreenPageHeader,z5Vl3tUSRgalHfSho6JFNkpjxpn1,buttonOpenSetting
1716630803272,userPrestataireDetailPageHeader,qMHVQGPKvNMdZLX8YnPH29ZYoyG3,buttonOpenPanier
1715354401260,userPrestataireDetailPage,z5Vl3tUSRgalHfSho6JFNkpjxpn1,addBonAchat
1715709279798,userHomeScreenPageHeader,qMHVQGPKvNMdZLX8YnPH29ZYoyG3,buttonOpenSetting
1715785569669,userPrestataireDetailPage,z5Vl3tUSRgalHfSho6JFNkpjxpn1,addBonAchat
1716035548477,userPanierPage,qMHVQGPKvNMdZLX8YnPH29ZYoyG3,addButtonContact
1715951345409,userHomeScreenPageHeader,z5Vl3tUSRgalHfSho6JFNkpjxpn1,buttonOpenPanier
1716056610023,userPanierPage,qMHVQGPKvNMdZLX8YnPH29ZYoyG3,viderPanier
1716129156903,userPrestataireDetailPageHeader,qMHVQGPKvNMdZLX8YnPH29ZYoyG3,buttonOpenPanier
1714830854310,userPanierPage,qMHVQGPKvNMdZLX8YnPH29ZYoyG3,redirectionDanapay
1715356255797,userPanierPage,z5Vl3tUSRgalHfSho6JFNkpjxpn1,viderPanier
1715628435730,userPanierPage,qMHVQGPKvNMdZLX8YnPH29ZYoyG3,addButtonContact
1717944012009,userPrestataireDetailPageHeader,g1Os1DQ1U9UxVfYBnLKIl03XTEm2,buttonOpenPanier
1716115771083,userPanierPage,qMHVQGPKvNMdZLX8YnPH29ZYoyG3,viderPanier
1716035206595,userPanierPage,qMHVQGPKvNMdZLX8YnPH29ZYoyG3,viderPanier
1715708141215,userHomeScreenPageHeader,is374p6NnHNF6Xu4obrSYzCYZTc2,buttonOpenSetting
1716649896647,userPanierPage,qMHVQGPKvNMdZLX8YnPH29ZYoyG3,viderPanier
1715765694131,userPanierPage,914umpyeZkY5lglo8KGumeZWF002,buttonPayer
1716027074223,userHomeScreenPageHeader,z5Vl3tUSRgalHfSho6JFNkpjxpn1,buttonOpenNotification
1715170512561,userPanierPage,914umpyeZkY5lglo8KGumeZWF002,addButtonContact
1717774347342,userHomeScreenPageHeader,z5Vl3tUSRgalHfSho6JFNkpjxpn1,buttonOpenNotification
1715166622365,userPrestataireDetailPageHeader,914umpyeZkY5lglo8KGumeZWF002,buttonOpenPanier
1715431640650,userPanierPage,914umpyeZkY5lglo8KGumeZWF002,addButtonContact
1716030800239,userHomeScreenPageHeader,z5Vl3tUSRgalHfSho6JFNkpjxpn1,buttonOpenSetting
1715354235276,userPanierPage,z5Vl3tUSRgalHfSho6JFNkpjxpn1,addButtonContact
1715963445704,userPanierPage,z5Vl3tUSRgalHfSho6JFNkpjxpn1,buttonPayer
1715628424051,userPrestataireDetailPage,qMHVQGPKvNMdZLX8YnPH29ZYoyG3,buttonBottomOpenPanier
1717352275162,userHomeScreenPageHeader,2Dnk3xqJF6NF4ZJWcA7f2zrlnO13,buttonOpenSetting
1714834005058,userHomeScreenPageHeader,z5Vl3tUSRgalHfSho6JFNkpjxpn1,buttonOpenNotification
1715167275504,userPanierPage,914umpyeZkY5lglo8KGumeZWF002,addButtonContact
1716046251755,userPrestataireDetailPageHeader,qMHVQGPKvNMdZLX8YnPH29ZYoyG3,buttonOpenPanier
1715102454465,userPanierPage,qMHVQGPKvNMdZLX8YnPH29ZYoyG3,viderPanier
1717354014858,userPrestataireDetailPage,RM7mi4SVvGhIydxwmmt6djQQL3D3,addBonAchat
1716030775406,userPrestataireDetailPage,z5Vl3tUSRgalHfSho6JFNkpjxpn1,buttonBottomOpenPanier
1715960705541,userHomeScreenPageHeader,b6aunqCXt4RLfdmcQLxYZR1F6W33,buttonOpenPanier
1716127013844,userPanierPage,qMHVQGPKvNMdZLX8YnPH29ZYoyG3,viderPanier
1715708739282,userHomeScreenPageHeader,qMHVQGPKvNMdZLX8YnPH29ZYoyG3,buttonOpenSetting
1716067345987,userPrestataireDetailPage,yK8bHykMuPg4KqJof3jeuMI7Dn72,addBonAchat
1716041103617,userHomeScreenPageHeader,qMHVQGPKvNMdZLX8YnPH29ZYoyG3,buttonOpenSetting
1715538822828,userPanierPage,qMHVQGPKvNMdZLX8YnPH29ZYoyG3,addButtonContact
1715886088886,userPanierPage,uAncaFrlwHdOlav3P7h4cAm3bMJ3,addButtonContact
1715764477167,userPrestataireDetailPageHeader,914umpyeZkY5lglo8KGumeZWF002,buttonOpenPanier
1714832288817,userHomeScreenPageHeader,qMHVQGPKvNMdZLX8YnPH29ZYoyG3,buttonOpenSetting
1715890337699,userHomeScreenPageHeader,uAncaFrlwHdOlav3P7h4cAm3bMJ3,buttonOpenSetting
1714830216201,userHomeScreenPageHeader,914umpyeZkY5lglo8KGumeZWF002,buttonOpenSetting
1715354413198,userPrestataireDetailPageHeader,z5Vl3tUSRgalHfSho6JFNkpjxpn1,buttonOpenPanier
1715785811254,userHomeScreenPageHeader,z5Vl3tUSRgalHfSho6JFNkpjxpn1,buttonOpenNotification
1714834674194,userHomeScreenPageHeader,qMHVQGPKvNMdZLX8YnPH29ZYoyG3,buttonOpenNotification
1714828528322,userPanierPage,qMHVQGPKvNMdZLX8YnPH29ZYoyG3,buttonPayer
1716743733086,userHomeScreenPageHeader,AkK9DilFPCOis7c5aImtHk8Ui5m1,buttonOpenSetting
1715628497795,userPrestataireDetailPage,qMHVQGPKvNMdZLX8YnPH29ZYoyG3,buttonBottomOpenPanier
1715875161952,userPrestataireDetailPage,hA911Hr90KPbY6yO0OACx8tP2NE2,addBonAchat
1716136343357,userHomeScreenPageHeader,qMHVQGPKvNMdZLX8YnPH29ZYoyG3,buttonOpenSetting
1716047502526,userPanierPage,qMHVQGPKvNMdZLX8YnPH29ZYoyG3,addButtonContact
1716027143607,userPrestataireDetailPage,z5Vl3tUSRgalHfSho6JFNkpjxpn1,buttonBottomOpenPanier
1714831853531,userHomeScreenPageHeader,z5Vl3tUSRgalHfSho6JFNkpjxpn1,buttonOpenPanier
1714827788849,userPanierPage,914umpyeZkY5lglo8KGumeZWF002,buttonPayer
1716035691943,userPrestataireDetailPage,jkChc1Rrx9cuUyCM1LDJPS3Rl9h2,addBonAchat
1716041001151,userPrestataireDetailPage,qMHVQGPKvNMdZLX8YnPH29ZYoyG3,addBonAchat
1715886558880,userPanierPage,z5Vl3tUSRgalHfSho6JFNkpjxpn1,buttonPayer
1714831855138,userPanierPage,z5Vl3tUSRgalHfSho6JFNkpjxpn1,addButtonContact
1715281934997,userPanierPage,914umpyeZkY5lglo8KGumeZWF002,viderPanier
1715099719941,userPrestataireDetailPage,qMHVQGPKvNMdZLX8YnPH29ZYoyG3,buttonBottomOpenPanier
1715539838248,userHomeScreenPageHeader,qMHVQGPKvNMdZLX8YnPH29ZYoyG3,buttonOpenPanier
1715764904319,userPrestataireDetailPageHeader,914umpyeZkY5lglo8KGumeZWF002,buttonOpenPanier
1716638655224,userPanierPage,qMHVQGPKvNMdZLX8YnPH29ZYoyG3,viderPanier
1717243026464,userPrestataireDetailPage,z5Vl3tUSRgalHfSho6JFNkpjxpn1,addBonAchat
1716632923107,userPanierPage,qMHVQGPKvNMdZLX8YnPH29ZYoyG3,viderPanier
1716035121553,userPrestataireDetailPageHeader,qMHVQGPKvNMdZLX8YnPH29ZYoyG3,buttonOpenPanier
1714831266938,userHomeScreenPageHeader,z5Vl3tUSRgalHfSho6JFNkpjxpn1,buttonOpenSetting
1714826386570,userPanierPage,z5Vl3tUSRgalHfSho6JFNkpjxpn1,addButtonContact
1716643590476,userHomeScreenPageHeader,qMHVQGPKvNMdZLX8YnPH29ZYoyG3,buttonOpenSetting
1716136334296,userPanierPage,qMHVQGPKvNMdZLX8YnPH29ZYoyG3,viderPanier
1714839128897,userHomeScreenPageHeader,qMHVQGPKvNMdZLX8YnPH29ZYoyG3,buttonOpenNotification
1715067167694,userPanierPage,914umpyeZkY5lglo8KGumeZWF002,buttonPayer
1717006261104,userPanierPage,DFZU3UfzhgRM1sHo3poKO1nioqF2,viderPanier
1717774685582,userPanierPage,z5Vl3tUSRgalHfSho6JFNkpjxpn1,buttonPayer
1715951461073,userHomeScreenPageHeader,z5Vl3tUSRgalHfSho6JFNkpjxpn1,buttonOpenNotification
1715886550469,userPrestataireDetailPage,z5Vl3tUSRgalHfSho6JFNkpjxpn1,buttonBottomOpenPanier
1714832290374,userHomeScreenPageHeader,qMHVQGPKvNMdZLX8YnPH29ZYoyG3,buttonOpenSetting
1715354340910,userPanierPage,z5Vl3tUSRgalHfSho6JFNkpjxpn1,addButtonContact
1715708145950,userHomeScreenPageHeader,is374p6NnHNF6Xu4obrSYzCYZTc2,buttonOpenSetting
1717243089795,userPanierPage,z5Vl3tUSRgalHfSho6JFNkpjxpn1,buttonPayer
1714834244701,userHomeScreenPageHeader,qMHVQGPKvNMdZLX8YnPH29ZYoyG3,buttonOpenNotification
1717080653950,userPanierPage,8H4CV34KQHgrMj1DLy4J2NwlF5e2,buttonPayer
1715963548596,userHomeScreenPageHeader,z5Vl3tUSRgalHfSho6JFNkpjxpn1,buttonOpenNotification
1715785602997,userPanierPage,z5Vl3tUSRgalHfSho6JFNkpjxpn1,redirectionDanapay
1716027217703,userPanierPage,z5Vl3tUSRgalHfSho6JFNkpjxpn1,redirectionDanapay
1715354659566,userPrestataireDetailPage,z5Vl3tUSRgalHfSho6JFNkpjxpn1,addBonAchat
1715765854350,userHomeScreenPageHeader,z5Vl3tUSRgalHfSho6JFNkpjxpn1,buttonOpenNotification
1715927030868,userHomeScreenPageHeader,z5Vl3tUSRgalHfSho6JFNkpjxpn1,buttonOpenNotification
1715166584953,userPanierPage,914umpyeZkY5lglo8KGumeZWF002,addButtonContact
1715709052453,userHomeScreenPageHeader,qMHVQGPKvNMdZLX8YnPH29ZYoyG3,buttonOpenSetting
1716474351368,userPanierPage,O2XVZMacTGYqtKj6BTP6oJPX9cq2,buttonPayer
1714833543559,userPrestataireDetailPage,914umpyeZkY5lglo8KGumeZWF002,addBonAchat
1715764449547,userPrestataireDetailPageHeader,914umpyeZkY5lglo8KGumeZWF002,buttonOpenPanier
1715955809349,userHomeScreenPageHeader,b6aunqCXt4RLfdmcQLxYZR1F6W33,buttonOpenSetting
1715786523944,userHomeScreenPageHeader,914umpyeZkY5lglo8KGumeZWF002,buttonOpenNotification
1715101451716,userHomeScreenPageHeader,qMHVQGPKvNMdZLX8YnPH29ZYoyG3,buttonOpenPanier
1715762283511,userHomeScreenPageHeader,z5Vl3tUSRgalHfSho6JFNkpjxpn1,buttonOpenSetting
1716629917727,userPanierPage,qMHVQGPKvNMdZLX8YnPH29ZYoyG3,viderPanier
1715278504617,userPrestataireDetailPageHeader,914umpyeZkY5lglo8KGumeZWF002,buttonOpenPanier
1715949137412,userPrestataireDetailPage,z5Vl3tUSRgalHfSho6JFNkpjxpn1,addBonAchat
1716208063688,userHomeScreenPageHeader,ldBmjwfJ4nao6I0c3QkSWVyxInC3,buttonOpenNotification
1716116464038,userHomeScreenPageHeader,qMHVQGPKvNMdZLX8YnPH29ZYoyG3,buttonOpenPanier
1716045063558,userHomeScreenPageHeader,z5Vl3tUSRgalHfSho6JFNkpjxpn1,buttonOpenSetting
1716037914170,userHomeScreenPageHeader,z5Vl3tUSRgalHfSho6JFNkpjxpn1,buttonOpenSetting
1715891571920,userHomeScreenPageHeader,z5Vl3tUSRgalHfSho6JFNkpjxpn1,buttonOpenSetting
1716035289451,userPanierPage,qMHVQGPKvNMdZLX8YnPH29ZYoyG3,viderPanier
1715539876938,userPanierPage,qMHVQGPKvNMdZLX8YnPH29ZYoyG3,addButtonContact
1716637767243,userHomeScreenPageHeader,qMHVQGPKvNMdZLX8YnPH29ZYoyG3,buttonOpenSetting
1716055080853,userHomeScreenPageHeader,qMHVQGPKvNMdZLX8YnPH29ZYoyG3,buttonOpenSetting
1715277022905,userPanierPage,914umpyeZkY5lglo8KGumeZWF002,addButtonContact
1715859216240,userHomeScreenPageHeader,qMHVQGPKvNMdZLX8YnPH29ZYoyG3,buttonOpenSetting
1717080622986,userPrestataireDetailPage,8H4CV34KQHgrMj1DLy4J2NwlF5e2,addBonAchat
1714833568180,userHomeScreenPageHeader,z5Vl3tUSRgalHfSho6JFNkpjxpn1,buttonOpenNotification
1715275059074,userPrestataireDetailPageHeader,914umpyeZkY5lglo8KGumeZWF002,buttonOpenPanier
1716055064976,userPanierPage,qMHVQGPKvNMdZLX8YnPH29ZYoyG3,viderPanier
1717352383073,userPrestataireDetailPage,2Dnk3xqJF6NF4ZJWcA7f2zrlnO13,addBonAchat
1715765761470,userPrestataireDetailPageHeader,914umpyeZkY5lglo8KGumeZWF002,buttonOpenPanier
1716029919176,userHomeScreenPageHeader,914umpyeZkY5lglo8KGumeZWF002,buttonOpenSetting
1716037029772,userPrestataireDetailPage,03HAO5vU6BOlF3NSeYVTzyRaJ6W2,buttonBottomOpenPanier
1715766049293,userHomeScreenPageHeader,z5Vl3tUSRgalHfSho6JFNkpjxpn1,buttonOpenNotification
1715849144415,userPanierPage,SF41IxDyM4RSbTEsLNV1TP7JhdE2,addButtonContact
1715103248812,userPanierPage,qMHVQGPKvNMdZLX8YnPH29ZYoyG3,addButtonContact
1714830798390,userPrestataireDetailPageHeader,qMHVQGPKvNMdZLX8YnPH29ZYoyG3,buttonOpenPanier
1715849127228,userPrestataireDetailPageHeader,SF41IxDyM4RSbTEsLNV1TP7JhdE2,buttonOpenPanier
1715796062720,userPanierPage,z5Vl3tUSRgalHfSho6JFNkpjxpn1,buttonPayer
1715167235708,userPanierPage,914umpyeZkY5lglo8KGumeZWF002,addButtonContact
1716474360962,userPanierPage,O2XVZMacTGYqtKj6BTP6oJPX9cq2,viderPanier
1716643042733,userPanierPage,qMHVQGPKvNMdZLX8YnPH29ZYoyG3,viderPanier
1715102163819,userHomeScreenPageHeader,qMHVQGPKvNMdZLX8YnPH29ZYoyG3,buttonOpenPanier
1715628729800,userPanierPage,qMHVQGPKvNMdZLX8YnPH29ZYoyG3,viderPanier
1715066784990,userPrestataireDetailPageHeader,914umpyeZkY5lglo8KGumeZWF002,buttonOpenPanier
1717061872432,userPrestataireDetailPage,X5pSoHXR7oa4XH90Mg3huDaWASt1,addBonAchat
1717006256321,userPrestataireDetailPageHeader,DFZU3UfzhgRM1sHo3poKO1nioqF2,buttonOpenPanier
1716643051160,userHomeScreenPageHeader,qMHVQGPKvNMdZLX8YnPH29ZYoyG3,buttonOpenSetting
1715431178334,userPanierPage,914umpyeZkY5lglo8KGumeZWF002,addButtonContact
1716466021873,userPrestataireDetailPage,axYHQ2yjnTdwLf6R7eP5LKm82Y53,addBonAchat
1715536466281,userPrestataireDetailPageHeader,z5Vl3tUSRgalHfSho6JFNkpjxpn1,buttonOpenPanier
1715942008450,userHomeScreenPageHeader,z5Vl3tUSRgalHfSho6JFNkpjxpn1,buttonOpenNotification
1716643923405,userPanierPage,qMHVQGPKvNMdZLX8YnPH29ZYoyG3,addButtonContact
1714828443800,userPanierPage,qMHVQGPKvNMdZLX8YnPH29ZYoyG3,showCodePromo
1715955739412,userPrestataireDetailPageHeader,b6aunqCXt4RLfdmcQLxYZR1F6W33,buttonOpenPanier
1715784792194,userHomeScreenPageHeader,z5Vl3tUSRgalHfSho6JFNkpjxpn1,buttonOpenNotification
1716027938700,userHomeScreenPageHeader,z5Vl3tUSRgalHfSho6JFNkpjxpn1,buttonOpenNotification
1715796069434,userPanierPage,z5Vl3tUSRgalHfSho6JFNkpjxpn1,redirectionDanapay
1716041536054,userPrestataireDetailPageHeader,87e8FtLhawXUWZ2rR1FXpBZ2Mtz2,buttonOpenPanier
1716904336851,userPanierPage,hA911Hr90KPbY6yO0OACx8tP2NE2,viderPanier
1715539997436,userPanierPage,qMHVQGPKvNMdZLX8YnPH29ZYoyG3,addButtonContact
1714834581256,userHomeScreenPageHeader,z5Vl3tUSRgalHfSho6JFNkpjxpn1,buttonOpenNotification
1715275207916,userPanierPage,914umpyeZkY5lglo8KGumeZWF002,addButtonContact
1714828138044,userHomeScreenPageHeader,z5Vl3tUSRgalHfSho6JFNkpjxpn1,buttonOpenNotification
1714832906461,userPanierPage,z5Vl3tUSRgalHfSho6JFNkpjxpn1,addButtonContact
1715628413212,userPrestataireDetailPage,qMHVQGPKvNMdZLX8YnPH29ZYoyG3,addBonAchat
1715354505065,userPanierPage,z5Vl3tUSRgalHfSho6JFNkpjxpn1,viderPanier
1716045044488,userPanierPage,z5Vl3tUSRgalHfSho6JFNkpjxpn1,viderPanier
1716137696923,userPanierPage,qMHVQGPKvNMdZLX8YnPH29ZYoyG3,viderPanier
1716142030096,userPanierPage,qMHVQGPKvNMdZLX8YnPH29ZYoyG3,viderPanier
1714833232678,userPanierPage,z5Vl3tUSRgalHfSho6JFNkpjxpn1,buttonPayer
1716649842346,userPrestataireDetailPageHeader,qMHVQGPKvNMdZLX8YnPH29ZYoyG3,buttonOpenPanier
1715275253611,userPanierPage,914umpyeZkY5lglo8KGumeZWF002,addButtonContact
1716027847678,userPanierPage,z5Vl3tUSRgalHfSho6JFNkpjxpn1,buttonPayer
1716034151738,userHomeScreenPageHeader,qMHVQGPKvNMdZLX8YnPH29ZYoyG3,buttonOpenSetting
1715167095350,userPanierPage,914umpyeZkY5lglo8KGumeZWF002,addButtonContact
1716137783142,userPanierPage,qMHVQGPKvNMdZLX8YnPH29ZYoyG3,viderPanier
1714828387717,userPrestataireDetailPage,qMHVQGPKvNMdZLX8YnPH29ZYoyG3,buttonBottomOpenPanier
1715281768833,userPanierPage,914umpyeZkY5lglo8KGumeZWF002,addButtonContact
1716047547587,userPanierPage,qMHVQGPKvNMdZLX8YnPH29ZYoyG3,viderPanier
1715672929808,userHomeScreenPageHeader,qMHVQGPKvNMdZLX8YnPH29ZYoyG3,buttonOpenSetting
1715785514282,userPrestataireDetailPageHeader,z5Vl3tUSRgalHfSho6JFNkpjxpn1,buttonOpenPanier
1716139337017,userHomeScreenPageHeader,qMHVQGPKvNMdZLX8YnPH29ZYoyG3,buttonOpenSetting
1715431123931,userPrestataireDetailPageHeader,914umpyeZkY5lglo8KGumeZWF002,buttonOpenPanier
1714833652139,userHomeScreenPageHeader,z5Vl3tUSRgalHfSho6JFNkpjxpn1,buttonOpenNotification
1716649866464,userHomeScreenPageHeader,qMHVQGPKvNMdZLX8YnPH29ZYoyG3,buttonOpenSetting
1716056547742,userPrestataireDetailPageHeader,qMHVQGPKvNMdZLX8YnPH29ZYoyG3,buttonOpenPanier
1716132493601,userPrestataireDetailPageHeader,qMHVQGPKvNMdZLX8YnPH29ZYoyG3,buttonOpenPanier
1716121660383,userHomeScreenPageHeader,z5Vl3tUSRgalHfSho6JFNkpjxpn1,buttonOpenNotification
1716129207636,userHomeScreenPageHeader,qMHVQGPKvNMdZLX8YnPH29ZYoyG3,buttonOpenNotification
1716037045938,userPanierPage,03HAO5vU6BOlF3NSeYVTzyRaJ6W2,buttonPayer
1717080686051,userPanierPage,8H4CV34KQHgrMj1DLy4J2NwlF5e2,buttonPayer
1715886114737,userPanierPage,z5Vl3tUSRgalHfSho6JFNkpjxpn1,viderPanier
1714830645682,userHomeScreenPageHeader,qMHVQGPKvNMdZLX8YnPH29ZYoyG3,buttonOpenPanier
1716133989639,userPrestataireDetailPageHeader,qMHVQGPKvNMdZLX8YnPH29ZYoyG3,buttonOpenPanier
1716139317057,userPanierPage,qMHVQGPKvNMdZLX8YnPH29ZYoyG3,viderPanier
1714826881197,userHomeScreenPageHeader,914umpyeZkY5lglo8KGumeZWF002,buttonOpenPanier
1715796130872,userHomeScreenPageHeader,z5Vl3tUSRgalHfSho6JFNkpjxpn1,buttonOpenNotification
1717102434922,userHomeScreenPageHeader,miy7809XCNhXj9Bv0VfPYXob3AD2,buttonOpenNotification
1715277270237,userPanierPage,914umpyeZkY5lglo8KGumeZWF002,addButtonContact
1716636979187,userHomeScreenPageHeader,qMHVQGPKvNMdZLX8YnPH29ZYoyG3,buttonOpenSetting
1717338107960,userPrestataireDetailPage,2MQXbrefhTbyejpLcfrEkn01rSz1,addBonAchat
1716047560498,userHomeScreenPageHeader,qMHVQGPKvNMdZLX8YnPH29ZYoyG3,buttonOpenSetting
1714833478003,userPrestataireDetailPageHeader,914umpyeZkY5lglo8KGumeZWF002,buttonOpenPanier
1714653551540,userPrestataireDetailPageHeader,914umpyeZkY5lglo8KGumeZWF002,buttonOpenPanier
1716648154450,userHomeScreenPageHeader,qMHVQGPKvNMdZLX8YnPH29ZYoyG3,buttonOpenSetting
1716042674594,userHomeScreenPageHeader,qMHVQGPKvNMdZLX8YnPH29ZYoyG3,buttonOpenSetting
1715432215137,userPanierPage,914umpyeZkY5lglo8KGumeZWF002,addButtonContact
1715955741269,userPanierPage,b6aunqCXt4RLfdmcQLxYZR1F6W33,addButtonContact
1715540110348,userPanierPage,qMHVQGPKvNMdZLX8YnPH29ZYoyG3,viderPanier
1715167173153,userPanierPage,914umpyeZkY5lglo8KGumeZWF002,addButtonContact
1715102103514,userHomeScreenPageHeader,qMHVQGPKvNMdZLX8YnPH29ZYoyG3,buttonOpenPanier
1714726762363,userHomeScreenPageHeader,z5Vl3tUSRgalHfSho6JFNkpjxpn1,buttonOpenSetting
1717346748738,userHomeScreenPageHeader,CK6EheHcv2PNn2KXemVclQmzlBP2,buttonOpenSetting
1717243093737,userPanierPage,z5Vl3tUSRgalHfSho6JFNkpjxpn1,redirectionDanapay
1716027206497,userPrestataireDetailPageHeader,z5Vl3tUSRgalHfSho6JFNkpjxpn1,buttonOpenPanier
1714834688424,userHomeScreenPageHeader,z5Vl3tUSRgalHfSho6JFNkpjxpn1,buttonOpenNotification
1716128583202,userPrestataireDetailPageHeader,qMHVQGPKvNMdZLX8YnPH29ZYoyG3,buttonOpenPanier
1715785597469,userPanierPage,z5Vl3tUSRgalHfSho6JFNkpjxpn1,buttonPayer
1716636566014,userHomeScreenPageHeader,qMHVQGPKvNMdZLX8YnPH29ZYoyG3,buttonOpenSetting
1714832181746,userPanierPage,z5Vl3tUSRgalHfSho6JFNkpjxpn1,buttonPayer
1716634858510,userPrestataireDetailPageHeader,qMHVQGPKvNMdZLX8YnPH29ZYoyG3,buttonOpenPanier
1714831718363,userPanierPage,z5Vl3tUSRgalHfSho6JFNkpjxpn1,addButtonContact
1716035785039,userPanierPage,jkChc1Rrx9cuUyCM1LDJPS3Rl9h2,addButtonContact
1714833560898,userPanierPage,914umpyeZkY5lglo8KGumeZWF002,buttonPayer
1716134095826,userPrestataireDetailPage,GzZT4dNYCbRjK0TBq4Sre4jcYGh1,buttonBottomOpenPanier
1716030796842,userPanierPage,z5Vl3tUSRgalHfSho6JFNkpjxpn1,viderPanier
1716037014738,userPrestataireDetailPage,03HAO5vU6BOlF3NSeYVTzyRaJ6W2,addBonAchat
1715538781039,userPrestataireDetailPageHeader,qMHVQGPKvNMdZLX8YnPH29ZYoyG3,buttonOpenPanier
1717080646485,userPrestataireDetailPage,8H4CV34KQHgrMj1DLy4J2NwlF5e2,buttonBottomOpenPanier
1717352411923,userHomeScreenPageHeader,2Dnk3xqJF6NF4ZJWcA7f2zrlnO13,buttonOpenSetting
1716648150351,userPanierPage,qMHVQGPKvNMdZLX8YnPH29ZYoyG3,viderPanier
1715099890021,userPanierPage,qMHVQGPKvNMdZLX8YnPH29ZYoyG3,viderPanier
1717080679074,userPanierPage,8H4CV34KQHgrMj1DLy4J2NwlF5e2,buttonPayer
1716628583458,userPanierPage,b6aunqCXt4RLfdmcQLxYZR1F6W33,addButtonContact
1716178548996,userHomeScreenPageHeader,pEezqCBcnYggWksfwA86n2weRJG3,buttonOpenSetting
1717428782995,userPanierPage,z5Vl3tUSRgalHfSho6JFNkpjxpn1,viderPanier
1716628564159,userPanierPage,b6aunqCXt4RLfdmcQLxYZR1F6W33,addBonAchat
1716128514875,userPrestataireDetailPageHeader,z5Vl3tUSRgalHfSho6JFNkpjxpn1,buttonOpenPanier
1715963433278,userPrestataireDetailPage,z5Vl3tUSRgalHfSho6JFNkpjxpn1,buttonBottomOpenPanier
1716628602844,userPanierPage,b6aunqCXt4RLfdmcQLxYZR1F6W33,buttonPayer
1716115739223,userPrestataireDetailPageHeader,qMHVQGPKvNMdZLX8YnPH29ZYoyG3,buttonOpenPanier
1715955532858,userHomeScreenPageHeader,b6aunqCXt4RLfdmcQLxYZR1F6W33,buttonOpenSetting
