nom_service,prestataire_id,intitule,updatedBy,status,creationTime,service_id,prix,updatedTime,id,addBy,description,photoUrl,groupe_id
ALIMENTAIRE ,dOejW7bfDveOviZE3toZ1V9iBND2,Riz,,Affiche,2023-10-12T11:09:17.928457,YJPGNNffL2VFqwmdoFFG,17500,2023-10-17T10:38:27.398092,0J9osTdQSyxTFFQtfD4q,,Riz parfumé 100%long grain origine vietnamienne/25kg(5kg*5),https://firebasestorage.googleapis.com/v0/b/dhoola-4b710.appspot.com/o/services%2FServices0J9osTdQSyxTFFQtfD4q.jpg?alt=media&token=5fdb19c2-0a1d-441b-9659-879e8f638d1d,H1rNSqdq9p7Ptonzir0W
KINÉSITHÉRAPEUTES,jPM73iTHDgVSbvlvwttEozwNIXJ3,Soins à domicile ,,Affiche,2023-04-15T08:31:46.976644,kkjvZAJtoLaxiVNDU2VG,20000,2023-04-15T08:41:23.999631,0gD98L0tsmhEm7lPSj93,,"Prévention, Rééducation, Réadaptation..",,eOl1l1Abvz8xoq5ABwtt
Médecins & Dentistes,L0dUEXs0vnayHyPnQ0QcmXp9tj42,consultation ,,Affiche,2023-09-07T18:35:57.392868,C3frxp2RDJ2quWKc9mqN,16000,2023-09-21T16:54:37.190867,0wbZTWCiKhIZlOygCsap,,Consultation médecine generale,,eOl1l1Abvz8xoq5ABwtt
Médecins & Dentistes,7g3NB0eqWJUK5dWa7Vf8e7021Y12,Consultation à domicile ,,Affiche,2023-10-21T13:57:32.237707,C3frxp2RDJ2quWKc9mqN,10000,2023-10-21T13:57:36.153452,16hIG9fMN0AYvodSvtQB,,Prise des paramètres biologiques et consultation,,eOl1l1Abvz8xoq5ABwtt
Tout dans l'événementiel,MqOc124jRTc4TXYOfHlEbTreCSa2,location taxi en Berline premium,,Affiche,2023-06-06T20:15:10.916327,KZyZa9pEBuGrFOp4Vweq,10000,2024-06-03T17:28:16.237789,19oYq49ukyKPS2aSVPaY,,"pick up/drop off aéroport,dépôt,course horaire,hors ville ",https://firebasestorage.googleapis.com/v0/b/dhoola-4b710.appspot.com/o/services%2FServices19oYq49ukyKPS2aSVPaY.jpg?alt=media&token=6f696912-6dec-4a93-8bfe-72b7b04533a9,R3XawjusHQ57Mla9yIcm
AMEUBLEMENT,Ufbq6uDgbrh1edZcb3VJHY7nIo62,studio meublé ,,Affiche,2023-11-14T13:30:07.874387,xrIvvNLPdmEa5LGyevNf,50000,2023-11-14T13:30:26.631034,1E18B1taWXREOo7vMOcx,,"chambre,Salon,douche cuisine (la journée) entièrement équipé",https://firebasestorage.googleapis.com/v0/b/dhoola-4b710.appspot.com/o/services%2FServices1E18B1taWXREOo7vMOcx.jpg?alt=media&token=71c5df21-c25b-4215-b2e7-acc0e4dee6cf,NMm07ka3XBMO7S0N6T7y
Salons d'esthétique,4OU8k1M6xDaTwc4nbaCoRBE96wt1,soins visage ,,Affiche,2024-05-24T07:32:37.717871,RF0Gh7aSA6hQiQ4ltqoX,550000,2024-05-24T07:32:38.079841,1K4FdFehxaLI4Bhnk8EH,,PRP( plasma riche en plaquette ),,fNm6RTc6SfFtjJ73hnTx
Médecins & Dentistes,bKqHDmwn88ZRIWJfIBrzjllY6FP2,PROTHÈSE FIXÉE,,Affiche,2023-09-22T17:54:14.540930,C3frxp2RDJ2quWKc9mqN,150000,2023-09-22T18:18:43.547033,1Kt5mjQgSz0YgzTEwnrx,,Facettes Dentaire ,https://firebasestorage.googleapis.com/v0/b/dhoola-4b710.appspot.com/o/services%2FServices1Kt5mjQgSz0YgzTEwnrx.jpg?alt=media&token=57d40a17-c968-40a5-b924-afb24ff2729c,eOl1l1Abvz8xoq5ABwtt
MÉDECINS & DENTISTES,bKqHDmwn88ZRIWJfIBrzjllY6FP2,RECONSTITUTIONS COURONNE,,Affiche,2023-09-22T18:10:59.395893,C3frxp2RDJ2quWKc9mqN,10000,2023-09-22T18:51:01.269106,1STJ6OxRKuM0w4MWEKqc,,Reconstitution couronne 1face ,https://firebasestorage.googleapis.com/v0/b/dhoola-4b710.appspot.com/o/services%2FServices1STJ6OxRKuM0w4MWEKqc.jpg?alt=media&token=0e31058d-4667-4dd0-9e55-a94c51dd5842,eOl1l1Abvz8xoq5ABwtt
Alimentaire ,6vKFwEf8eMRFjjSNrjJhssgZ15X2,STYLO LOVE,,Affiche,2024-02-12T04:45:35.613882,YJPGNNffL2VFqwmdoFFG,300,2024-02-12T05:29:03.490668,1gqiODraULYPXXKwh7dO,,Stylo tissé à la main décoré d'une rose ,https://firebasestorage.googleapis.com/v0/b/dhoola-4b710.appspot.com/o/services%2FServices1gqiODraULYPXXKwh7dO.jpg?alt=media&token=e79692d5-05c9-4cd8-959d-733acca4f3c0,H1rNSqdq9p7Ptonzir0W
Alimentaire ,7M7SLCTcDPfmhxSU0k4E385ucuJ2,poulet réformé,,Affiche,2023-12-21T07:37:51.746672,YJPGNNffL2VFqwmdoFFG,6500,2023-12-21T07:40:35.530929,1kT7ySsEhF4Z7fiV4ewH,,poulet entier frais 2kgs et+,,H1rNSqdq9p7Ptonzir0W
Alimentaire ,KL6xWV3btNYHA7neLDAODGhWGNj2,Gingembre ,,Affiche,2023-09-19T17:50:23.440916,YJPGNNffL2VFqwmdoFFG,2500,2023-09-21T14:48:18.625906,1xIOl6WGP09ZFfCCQKwX,,pour de gingembre ,https://firebasestorage.googleapis.com/v0/b/dhoola-4b710.appspot.com/o/services%2FServices1xIOl6WGP09ZFfCCQKwX.jpg?alt=media&token=424878ba-6730-4f5f-8755-c5a066814271,H1rNSqdq9p7Ptonzir0W
SALONS D'ESTHÉTIQUE,BzDA4Bq79ofqZsDOplwQYIyeTwH2,Pack bronze,,Affiche,2023-11-10T14:04:11.395703,RF0Gh7aSA6hQiQ4ltqoX,30000,2023-11-10T14:05:46.536108,27dGqg47YdApwHar5xXC,,Soin visage + Massage relaxant + Manucure / Pédicure ,https://firebasestorage.googleapis.com/v0/b/dhoola-4b710.appspot.com/o/services%2FServices27dGqg47YdApwHar5xXC.jpg?alt=media&token=7f6a9c0b-2076-4b6d-a157-8b0f108bbf9b,fNm6RTc6SfFtjJ73hnTx
INFO-COM,Tlrhkqe7OcYuLE8Zr3wZ7WSTTnj1,Test Dhoola,IwXqh3xp8hThQlDQH6wLJo39eS02,Affiche,2024-06-30T13:27:13.598459,I6AWdAj1WnDyzCVW312E,1150,2024-07-02T18:57:23.284362,2MmckkJMSd9TPhLdGqIe,IwXqh3xp8hThQlDQH6wLJo39eS02,Test transfert Prod,https://firebasestorage.googleapis.com/v0/b/dhoola-4b710.appspot.com/o/services%2FServices2MmckkJMSd9TPhLdGqIe.jpg?alt=media&token=012bf3d8-2ea1-43b1-a817-92832b866465,tT8yKDzWw4zoQtl2g6gm
Tout dans l'événementiel,MqOc124jRTc4TXYOfHlEbTreCSa2,location citadine,,Affiche,2023-06-06T20:31:42.133024,KZyZa9pEBuGrFOp4Vweq,30000,2024-06-03T17:28:16.238711,2NF1fR4JH7rKc33CiVUT,,location journalière dans la ville avec chauffeur ,https://firebasestorage.googleapis.com/v0/b/dhoola-4b710.appspot.com/o/services%2FServices2NF1fR4JH7rKc33CiVUT.jpg?alt=media&token=5b19c5d2-bb9c-4201-aa72-1979c460e400,R3XawjusHQ57Mla9yIcm
SERVICES DIVERS,l49kJrXNLwUnd6iMMXHwhL9RxY43,SERVICES ÉVÉNEMENTIELS,,Affiche,2024-01-26T12:39:30.666342,3wdruIJ01ALCZxosRmpU,10000,2024-01-28T20:48:17.531380,2rR98L0Iuhq6jc1xxDlN,,MENAGE (1 Soirée),https://firebasestorage.googleapis.com/v0/b/dhoola-4b710.appspot.com/o/services%2FServices2rR98L0Iuhq6jc1xxDlN.jpg?alt=media&token=c225d5c4-0a00-4e79-8cd1-d1525195e61c,tT8yKDzWw4zoQtl2g6gm
Tout dans l'événementiel,VcHCeXzJnQQJemdNO9cAnZtRWWe2,STAND,,Affiche,2023-07-12T11:02:23.034960,KZyZa9pEBuGrFOp4Vweq,150000,2024-06-03T17:28:16.238881,39TLv6gxVN42p9G3Oypd,,STAND SMALL 4m²,,R3XawjusHQ57Mla9yIcm
Tout dans l'événementiel,MqOc124jRTc4TXYOfHlEbTreCSa2,Location jour en Berline,,Affiche,2023-06-06T20:20:43.337333,KZyZa9pEBuGrFOp4Vweq,80000,2024-06-03T17:28:16.239029,49lrQZjYqMD6t8EGbKdy,,location jour dans la ville avec chauffeur ,https://firebasestorage.googleapis.com/v0/b/dhoola-4b710.appspot.com/o/services%2FServices49lrQZjYqMD6t8EGbKdy.jpg?alt=media&token=cf3c4a6b-ff24-4da1-b15e-ceacb8aad887,R3XawjusHQ57Mla9yIcm
Avocats & Notaires,QP8V1rjNcLg1t6DJrZlCY8agZj53,Conseils Juridiques ,,Affiche,2023-09-11T14:09:20.340849,wRknLouXo7dk7IMavsQ8,30000,2023-09-21T17:02:33.072452,4gk8wRGm3ZiGYvTAIiyQ,,"Assistance toute question juridique
1 heure ",,uYQhDPTqxbOSjzxNOimn
Alimentaire ,6vKFwEf8eMRFjjSNrjJhssgZ15X2,ROSE I LOVE YOU ,,Affiche,2024-02-12T04:34:40.110045,YJPGNNffL2VFqwmdoFFG,700,2024-02-12T04:35:08.102061,4lZLF3KkXmk2Bw8G2wa4,,Rose artificielle assortie avec un.string,https://firebasestorage.googleapis.com/v0/b/dhoola-4b710.appspot.com/o/services%2FServices4lZLF3KkXmk2Bw8G2wa4.jpg?alt=media&token=2532d19f-1f60-4594-b664-18de6e579261,H1rNSqdq9p7Ptonzir0W
SERVICES DIVERS,GNSun0UsCpbCzARwv4EK5xJqiXv2,Renforcement de capacité personnalisé ,,Affiche,2024-03-10T21:18:44.333740,3wdruIJ01ALCZxosRmpU,50000,2024-03-10T23:10:43.898614,54NpJxVtlKX0q7x3DESQ,,"Formation (Outils collaboratifs, logiciels Ms Office 💻 )",https://firebasestorage.googleapis.com/v0/b/dhoola-4b710.appspot.com/o/services%2FServices54NpJxVtlKX0q7x3DESQ.jpg?alt=media&token=796a4406-405e-40a1-b098-66e571a34c3c,tT8yKDzWw4zoQtl2g6gm
MÉDECINS & DENTISTES,bKqHDmwn88ZRIWJfIBrzjllY6FP2,PROTHÈSE AMOVIBLE,,Affiche,2023-09-22T18:07:29.377644,C3frxp2RDJ2quWKc9mqN,150000,2023-09-22T18:24:34.332567,5AG4eiriAKKdziOu4sN7,,Prothèse Dentaire amovible Valplast,https://firebasestorage.googleapis.com/v0/b/dhoola-4b710.appspot.com/o/services%2FServices5AG4eiriAKKdziOu4sN7.jpg?alt=media&token=fb6ed16f-d11b-45e0-b12b-4d94b03e20ca,eOl1l1Abvz8xoq5ABwtt
LABORATOIRES,cXO5RL7OGCXdQ2ad1tZZEXmb4vr2,Pack Homme avec PSA,,Affiche,2023-10-03T14:01:59.054954,XSMZkpA4YsDjsAB94SWu,81000,2023-10-03T14:02:28.515720,5ARYLa6GSWU1PYaVexwe,,Dépistage et surveillance de la prostate,https://firebasestorage.googleapis.com/v0/b/dhoola-4b710.appspot.com/o/services%2FServices5ARYLa6GSWU1PYaVexwe.jpg?alt=media&token=b48306d0-3514-4ded-8d52-e718fd151982,eOl1l1Abvz8xoq5ABwtt
CLINIQUES,ydHIOCbDC8fn6aPwEVqszjXHSRk2,MedAssist 1,,Affiche,2024-02-19T18:28:44.098996,jWwIcd1tNfkAaJo62njO,25000,2024-02-19T18:35:26.110559,5X4HVL4ovAS0vorezAie,,Soins à domicile effectués par un médecin et un infirmier.,https://firebasestorage.googleapis.com/v0/b/dhoola-4b710.appspot.com/o/services%2FServices5X4HVL4ovAS0vorezAie.jpg?alt=media&token=e69b405b-dfcb-428c-8ce9-0d7b647825ba,eOl1l1Abvz8xoq5ABwtt
Cliniques,Px1wmpnT77OiXkoKZypvrs9YiIa2,Consultation pédiatre ,,Affiche,2024-05-29T15:58:39.175923,jWwIcd1tNfkAaJo62njO,15000,2024-05-29T16:01:47.362139,5qUx8eFllMJqRUNGinHo,,Consultation pour enfants de 0 à 18 ans,https://firebasestorage.googleapis.com/v0/b/dhoola-4b710.appspot.com/o/services%2FServices5qUx8eFllMJqRUNGinHo.jpg?alt=media&token=0318215d-c1b4-4cd8-9ceb-593a661d0323,eOl1l1Abvz8xoq5ABwtt
SERVICES DIVERS,uXnnBb0D5yZiOrroCy3JCZ6FxPR2,Bracelet Hello kitty,,Affiche,2024-05-22T00:10:20.126246,3wdruIJ01ALCZxosRmpU,25000,2024-05-22T00:16:11.378143,63W2K09kK2oVL4HEAYTo,,"Argent 999
CubicZirconia 
À partir de 2ans 
très durable ",,tT8yKDzWw4zoQtl2g6gm
Alimentaire ,Hj1qKEqAvdW57sa1Moe4Lk5n3ZX2,Croquettes Crunshy bien parfumés,,Affiche,2023-04-13T17:20:21.531438,YJPGNNffL2VFqwmdoFFG,1250,2023-09-21T14:48:18.626753,6EzZI9PfaNpX1oFFC4eL,,Amuses-gueules bien- parfumés arômatisés à la noix de coco.,,H1rNSqdq9p7Ptonzir0W
Salons d'esthétique,NB0X9FrKDRSGQJGnee7LaBDKCbM2,Massage ,,Affiche,2023-05-03T12:10:09.691854,RF0Gh7aSA6hQiQ4ltqoX,10000,2023-09-21T16:27:54.671470,6MD5hlfNpNoJQtmo5auU,,Massage 30 minutes ,,fNm6RTc6SfFtjJ73hnTx
MÉDECINS & DENTISTES,bKqHDmwn88ZRIWJfIBrzjllY6FP2,SOINS CONSERVATEURS,,Affiche,2023-09-15T10:18:57.786293,C3frxp2RDJ2quWKc9mqN,15000,2023-09-22T18:25:37.209247,6mLgLzecPraP5ZTrcI1g,,Soins des caries dentaires + reconstitution,https://firebasestorage.googleapis.com/v0/b/dhoola-4b710.appspot.com/o/services%2FServices6mLgLzecPraP5ZTrcI1g.jpg?alt=media&token=db18e5fb-51f5-4ddd-8026-fc08c40a4e35,eOl1l1Abvz8xoq5ABwtt
ALIMENTAIRE ,dOejW7bfDveOviZE3toZ1V9iBND2,Pâtes alimentaires,,Affiche,2023-10-13T15:44:16.294432,YJPGNNffL2VFqwmdoFFG,8500,2023-10-13T16:38:43.530660,6uCuO5tpPF9cbDdlRnbb,,Sphaghetti Pasta Ricco pâte de semoule de blé dur premium.,https://firebasestorage.googleapis.com/v0/b/dhoola-4b710.appspot.com/o/services%2FServices6uCuO5tpPF9cbDdlRnbb.jpg?alt=media&token=52f2fdd3-bac3-4db9-98d7-d0ecafc79ac8,H1rNSqdq9p7Ptonzir0W
Salons d'esthétique,KHm6LxYCJgONgjtNmDRSDFKBYu42,Extension de cils ,,Affiche,2023-05-12T07:12:44.035368,RF0Gh7aSA6hQiQ4ltqoX,10000,2023-09-21T16:27:54.672108,7Gycf8owl877WPMmmq1A,,"Dites le avec le regard, sublimez votre regard .",https://firebasestorage.googleapis.com/v0/b/dhoola-4b710.appspot.com/o/services%2FServices7Gycf8owl877WPMmmq1A.jpg?alt=media&token=83a255f4-3658-4283-90ab-00a799e58414,fNm6RTc6SfFtjJ73hnTx
SERVICES DIVERS,uXnnBb0D5yZiOrroCy3JCZ6FxPR2,Boucles d'oreilles wings,,Affiche,2024-05-19T00:46:50.105586,3wdruIJ01ALCZxosRmpU,14000,2024-05-19T00:57:19.211853,7UnMLKodGtg6wfXJpTXY,,"Argent 925 rhodié 
Vraies perles_de_culture 
CubicZirconia ",,tT8yKDzWw4zoQtl2g6gm
Médecins & Dentistes,9LCV7b4LZdhlrAtFBn9tJzoxu0p2,Extraction dents de sagesse enclavées,,Affiche,2024-06-26T10:16:07.115550,C3frxp2RDJ2quWKc9mqN,24000,2024-06-26T10:16:10.244721,7geuusa5QA3Xb5HKh9c5,,Pericoranarite due à une malposition de la dent de sagesse ,,eOl1l1Abvz8xoq5ABwtt
SALONS D'ESTHÉTIQUE,cxDNgbdr4IQDKtFMCsEvmuMLjQ52,masque tissu anti âge ,,Affiche,2023-12-01T05:08:14.921840,RF0Gh7aSA6hQiQ4ltqoX,4000,2023-12-01T05:08:58.555094,7hARnBS2p2OgZFtetLt8,,masque tissu au collagène ,https://firebasestorage.googleapis.com/v0/b/dhoola-4b710.appspot.com/o/services%2FServices7hARnBS2p2OgZFtetLt8.jpg?alt=media&token=40cc4701-2fae-44eb-9ad4-a612c9662da1,fNm6RTc6SfFtjJ73hnTx
Collèges & Lycées,H9H3rbI1OlcUALvCLe2nbACUBBY2,Livraison ,,Affiche,2024-07-17T17:24:23.557846,Gw3lI40xWXS4MS7tsmY8,7000,2024-07-17T17:24:46.723376,8CxT1wEprg5wDdrJIFKW,H9H3rbI1OlcUALvCLe2nbACUBBY2,Livraison et expédition ,https://firebasestorage.googleapis.com/v0/b/dhoola-4b710.appspot.com/o/services%2FServices8CxT1wEprg5wDdrJIFKW.jpg?alt=media&token=d328105c-4f70-4a90-848a-f784a51a6811,48Oxzwdhu2crSuSb9jyD
COLLÈGES & LYCÉES,H9H3rbI1OlcUALvCLe2nbACUBBY2,Section francophone et anglophone ,H9H3rbI1OlcUALvCLe2nbACUBBY2,Affiche,2024-07-22T19:06:06.165470,Gw3lI40xWXS4MS7tsmY8,45000,2024-07-22T19:06:49.334725,8VibTxJc6mnWbUJmnMcm,H9H3rbI1OlcUALvCLe2nbACUBBY2,Manuels scolaires ,https://firebasestorage.googleapis.com/v0/b/dhoola-4b710.appspot.com/o/services%2FServices8VibTxJc6mnWbUJmnMcm.jpg?alt=media&token=bd7425a9-fdf1-4e74-97ec-ea84c47c4d7a,48Oxzwdhu2crSuSb9jyD
Salons d'esthétique,4OU8k1M6xDaTwc4nbaCoRBE96wt1,soins ,,Affiche,2024-05-24T07:57:53.925178,RF0Gh7aSA6hQiQ4ltqoX,15000,2024-05-24T07:57:54.271518,8aXLM5k04Dr8WeKtDUrh,,épilation maillot ,,fNm6RTc6SfFtjJ73hnTx
Alimentaire ,6vKFwEf8eMRFjjSNrjJhssgZ15X2,BOUGIES PARFUMÉES ,,Affiche,2024-02-12T11:09:04.832245,YJPGNNffL2VFqwmdoFFG,7000,2024-02-12T11:09:35.264774,8dekgiCqdTZkUzEg12KY,,assortiment de 6 bougies parfumées aux messages coquins,https://firebasestorage.googleapis.com/v0/b/dhoola-4b710.appspot.com/o/services%2FServices8dekgiCqdTZkUzEg12KY.jpg?alt=media&token=cc1f8390-1afe-4e1c-9c4a-0b6c5a3d3cc7,H1rNSqdq9p7Ptonzir0W
SERVICES DIVERS,uXnnBb0D5yZiOrroCy3JCZ6FxPR2,Collier Rama,,Affiche,2024-05-16T23:00:47.891584,3wdruIJ01ALCZxosRmpU,18000,2024-05-19T00:21:16.748215,8ei6JjfhXPEHTToudwZR,,"Argent 925 rhodié 
 Ne change pas, Fin
Léger 
- Discret",https://firebasestorage.googleapis.com/v0/b/dhoola-4b710.appspot.com/o/services%2FServices8ei6JjfhXPEHTToudwZR.jpg?alt=media&token=7599e002-27ca-459e-8f0c-b56b82e740b7,tT8yKDzWw4zoQtl2g6gm
KINÉSITHÉRAPEUTES,jPM73iTHDgVSbvlvwttEozwNIXJ3,Soins à domicile ,,Affiche,2023-04-15T08:35:51.085287,kkjvZAJtoLaxiVNDU2VG,30000,2023-04-25T17:07:35.839397,9QOLy9Xa8Uvp6cSb9SiU,,massage relaxant du dos ,,eOl1l1Abvz8xoq5ABwtt
Salons d'esthétique,cxDNgbdr4IQDKtFMCsEvmuMLjQ52,Bon d’achat,,Affiche,2023-10-30T20:52:12.894917,RF0Gh7aSA6hQiQ4ltqoX,30000,2023-10-30T20:52:13.248106,9QXQvQFu5qlDrBBW14BC,,Bon d’achat non remboursable ,,fNm6RTc6SfFtjJ73hnTx
Salons d'esthétique,4OU8k1M6xDaTwc4nbaCoRBE96wt1,regard,,Affiche,2024-05-24T07:40:25.872175,RF0Gh7aSA6hQiQ4ltqoX,75000,2024-05-24T07:40:26.297906,9knUdzr5lpzfgnjtDj4W,,Microblading ,,fNm6RTc6SfFtjJ73hnTx
SERVICES DIVERS,uXnnBb0D5yZiOrroCy3JCZ6FxPR2,Collier dulcinée ,,Affiche,2024-05-18T20:52:37.375877,3wdruIJ01ALCZxosRmpU,120000,2024-05-18T23:34:19.794172,A3h1yltq1eaYX7LC6lTY,,"Or pur 14 carats(58,5%)
CubicZirconia 
Ne se delave pas.

",https://firebasestorage.googleapis.com/v0/b/dhoola-4b710.appspot.com/o/services%2FServicesA3h1yltq1eaYX7LC6lTY.jpg?alt=media&token=25e3c3db-c178-4e32-9b6b-c256ee85c2c1,tT8yKDzWw4zoQtl2g6gm
Salons d'esthétique,4OU8k1M6xDaTwc4nbaCoRBE96wt1,regard ,,Affiche,2024-05-24T07:42:57.332201,RF0Gh7aSA6hQiQ4ltqoX,35000,2024-05-24T07:43:04.992009,A5UMs1G3wL8LAacKuGvz,,make up mariées ,,fNm6RTc6SfFtjJ73hnTx
Salons de coiffure,4OU8k1M6xDaTwc4nbaCoRBE96wt1,haïr cut,,Affiche,2024-05-24T07:46:21.719481,6rpkh8W5T2XyNQbvuCPd,5000,2024-05-24T07:46:22.076717,A5roW4fFMlds8IaOjOVH,,coiffure homme à domicile ,,fNm6RTc6SfFtjJ73hnTx
Services traiteurs,lyhs4mibhVZJQnmsWKgmmulgZXv2,gâteau de mariage ,,Affiche,2023-04-04T12:34:10.533205,JnzHTPdXIKHZfSHEBZi2,250000,2023-09-21T15:02:39.949640,A7bNrWguQfUdL0PeiMCK,,Des gâteaux uniques pour un jour unique,,R3XawjusHQ57Mla9yIcm
Salons d'esthétique,NB0X9FrKDRSGQJGnee7LaBDKCbM2,Massage ,,Affiche,2023-05-03T12:11:21.950645,RF0Gh7aSA6hQiQ4ltqoX,15000,2023-09-21T16:27:54.672634,B17HXrQOx2YhMX6lrNP3,,massage 45 minutes ,,fNm6RTc6SfFtjJ73hnTx
MÉDECINS & DENTISTES,bKqHDmwn88ZRIWJfIBrzjllY6FP2,SOINS D'HYGIÈNE,,Affiche,2023-09-22T18:54:38.642748,C3frxp2RDJ2quWKc9mqN,24000,2023-09-22T18:56:05.072187,B2Y0wt3MofYJIqHEcYAF,,DÉTARTRAGE Dentaire,https://firebasestorage.googleapis.com/v0/b/dhoola-4b710.appspot.com/o/services%2FServicesB2Y0wt3MofYJIqHEcYAF.jpg?alt=media&token=56ac19c3-9fd8-4e2b-9bc0-54bc38dae7bc,eOl1l1Abvz8xoq5ABwtt
Alimentaire ,6vKFwEf8eMRFjjSNrjJhssgZ15X2,BIERE PANACHE BELLE FRANCE 25CL,,Affiche,2023-12-25T03:08:31.029018,YJPGNNffL2VFqwmdoFFG,450,2023-12-25T03:19:40.190070,BAAXQBxqPp504iVHZFob,,Mix de bière et limonade à 1% D'alcool en pack de 10 et 20,https://firebasestorage.googleapis.com/v0/b/dhoola-4b710.appspot.com/o/services%2FServicesBAAXQBxqPp504iVHZFob.jpg?alt=media&token=274240df-3503-422b-bcfb-e28e72652ddf,H1rNSqdq9p7Ptonzir0W
Tout dans l'événementiel,VcHCeXzJnQQJemdNO9cAnZtRWWe2,STAND,,Affiche,2023-07-12T11:04:02.833469,KZyZa9pEBuGrFOp4Vweq,300000,2024-06-03T17:28:16.239749,BNFi9VZJre4QC54SkvfM,,STAND MEDIUM 8m²,,R3XawjusHQ57Mla9yIcm
Écoles primaires & maternelles,H9H3rbI1OlcUALvCLe2nbACUBBY2,Cartable,,Affiche,2024-07-17T17:17:46.384948,PZUjDYMnd7MdNZZFQ07C,15000,2024-07-17T17:19:22.802424,BWhluLQ8xU74fakWEiIE,H9H3rbI1OlcUALvCLe2nbACUBBY2,Cartable pour primaire,https://firebasestorage.googleapis.com/v0/b/dhoola-4b710.appspot.com/o/services%2FServicesBWhluLQ8xU74fakWEiIE.jpg?alt=media&token=1b327009-9638-43c8-9b8d-f1455f174510,48Oxzwdhu2crSuSb9jyD
ALIMENTAIRE ,6vKFwEf8eMRFjjSNrjJhssgZ15X2, BLANC MOELLEUX LA CUVEE DU ROI 1L,,Affiche,2023-12-25T03:26:05.189145,YJPGNNffL2VFqwmdoFFG,1300,2023-12-31T10:33:03.302029,BZyAJGQnyNWbhKx6koHH,,vin blanc moelleux en brique,https://firebasestorage.googleapis.com/v0/b/dhoola-4b710.appspot.com/o/services%2FServicesBZyAJGQnyNWbhKx6koHH.jpg?alt=media&token=03976dc5-f380-49fc-80b6-b056d542fef6,H1rNSqdq9p7Ptonzir0W
ALIMENTAIRE ,7M7SLCTcDPfmhxSU0k4E385ucuJ2,"Poulet 1,8kgs",,Affiche,2023-12-20T12:43:54.882579,YJPGNNffL2VFqwmdoFFG,4500,2023-12-20T12:46:07.012830,BpkRFYhgRNuC7WqbRfBq,,poulet entier frais,https://firebasestorage.googleapis.com/v0/b/dhoola-4b710.appspot.com/o/services%2FServicesBpkRFYhgRNuC7WqbRfBq.jpg?alt=media&token=ee15695f-6ed2-485f-8d3a-aace34167f88,H1rNSqdq9p7Ptonzir0W
MÉDECINS & DENTISTES,bKqHDmwn88ZRIWJfIBrzjllY6FP2,TRAITEMENT CANALAIRE,,Affiche,2023-09-15T10:23:04.338456,C3frxp2RDJ2quWKc9mqN,40000,2023-09-22T18:26:25.122848,BzYqbSmzVqNmpo3rODu2,,Traitement des canaux Dentaires,https://firebasestorage.googleapis.com/v0/b/dhoola-4b710.appspot.com/o/services%2FServicesBzYqbSmzVqNmpo3rODu2.jpg?alt=media&token=1c33798d-bf44-4a6b-8454-7759715a44a6,eOl1l1Abvz8xoq5ABwtt
SERVICES DIVERS,uXnnBb0D5yZiOrroCy3JCZ6FxPR2,Boucles d'oreilles pearla,,Affiche,2024-05-19T00:25:40.364198,3wdruIJ01ALCZxosRmpU,11000,2024-05-19T00:27:35.993240,CFTaRZlAXV1cATjFuMgY,,"Argent rhodié 925
Vraies perles_de_culture 
N'irritent pas ",https://firebasestorage.googleapis.com/v0/b/dhoola-4b710.appspot.com/o/services%2FServicesCFTaRZlAXV1cATjFuMgY.jpg?alt=media&token=ec685107-3bfd-4920-a7a0-d94ecd16d06b,tT8yKDzWw4zoQtl2g6gm
Salons d'esthétique,4OU8k1M6xDaTwc4nbaCoRBE96wt1,soins corporels ,,Affiche,2024-05-24T07:37:35.108768,RF0Gh7aSA6hQiQ4ltqoX,35000,2024-05-24T07:37:36.172176,CkYYNkwKd05rUqE9pmcf,,traitement vergetures ,,fNm6RTc6SfFtjJ73hnTx
Info-Com,Tlrhkqe7OcYuLE8Zr3wZ7WSTTnj1,design d’un logo,,Affiche,2023-11-09T16:09:13.138613,I6AWdAj1WnDyzCVW312E,50000,2023-11-09T16:09:13.380804,CyV4SVD1zcOq8iyJ62VC,,mettez en valeur votre entreprise avec un logo parlant,,tT8yKDzWw4zoQtl2g6gm
Salons d'esthétique,4OU8k1M6xDaTwc4nbaCoRBE96wt1,soins du visage ,,Affiche,2024-05-24T07:27:52.114695,RF0Gh7aSA6hQiQ4ltqoX,12000,2024-05-24T07:27:52.482276,D6xsIowYYqmkZ0nP5R1z,,soins hydratants ,,fNm6RTc6SfFtjJ73hnTx
Tout dans l'événementiel,MqOc124jRTc4TXYOfHlEbTreCSa2,Location Taxi en Smart,,Affiche,2023-06-06T14:17:40.229428,KZyZa9pEBuGrFOp4Vweq,5000,2024-06-03T17:28:16.240107,DDBGCkdAaohsP88WM6ge,,"pick up/drop off aéroport,dépôt,course horaire,hors ville ",https://firebasestorage.googleapis.com/v0/b/dhoola-4b710.appspot.com/o/services%2FServicesDDBGCkdAaohsP88WM6ge.jpg?alt=media&token=16400077-33ed-4933-b795-f487426c6fe0,R3XawjusHQ57Mla9yIcm
MÉDECINS & DENTISTES,bKqHDmwn88ZRIWJfIBrzjllY6FP2,CHIRURGIE DENTAIRE,,Affiche,2023-09-22T18:01:10.267013,C3frxp2RDJ2quWKc9mqN,20000,2023-09-22T19:09:25.914850,DYfv09otAS1V4QLmB7oO,,Drainage Abcès et Cellulite Dentaire,https://firebasestorage.googleapis.com/v0/b/dhoola-4b710.appspot.com/o/services%2FServicesDYfv09otAS1V4QLmB7oO.jpg?alt=media&token=4c8aa860-b4ec-4371-b32a-b5e10596d789,eOl1l1Abvz8xoq5ABwtt
Info-Com,kY4vl204LeNdtfuxPjS9y0OB4Q53,Sérigraphie ,,Affiche,2023-11-13T14:00:46.204051,I6AWdAj1WnDyzCVW312E,63000,2023-11-13T14:00:46.972266,DyoOMZgM4ZE0zmMOwRBP,,25 t-shirts personnalisés ,,tT8yKDzWw4zoQtl2g6gm
Kinésithérapeutes,jPM73iTHDgVSbvlvwttEozwNIXJ3,Soins à domicile ,,Affiche,2023-04-15T08:49:18.931616,kkjvZAJtoLaxiVNDU2VG,20000,2023-04-15T08:49:19.192961,E2SnJnUN3YsW1OpRn37N,,Réflexologie plantaire et digitale ,,eOl1l1Abvz8xoq5ABwtt
Alimentaire ,OkGUcgYjDsf0Cec8YYCvQOsFs223,Bon d'achat,,Affiche,2023-10-30T20:17:28.974679,YJPGNNffL2VFqwmdoFFG,20000,2023-10-30T20:17:29.249182,E86pR2Hgqzrwnz5bOXhd,,Bon d'achat non remboursable,,H1rNSqdq9p7Ptonzir0W
SERVICES DIVERS,l49kJrXNLwUnd6iMMXHwhL9RxY43,SERVICES À LA TÂCHE,,Affiche,2024-01-26T12:33:06.680377,3wdruIJ01ALCZxosRmpU,3000,2024-01-28T20:49:09.707453,EAK5SNw3reIrO4rLpKBO,,"SERVICES À LA TÂCHE
REPASSAGE 40L",https://firebasestorage.googleapis.com/v0/b/dhoola-4b710.appspot.com/o/services%2FServicesEAK5SNw3reIrO4rLpKBO.jpg?alt=media&token=0086b4e2-ac20-4690-8bed-8c140365d241,tT8yKDzWw4zoQtl2g6gm
Cliniques,ydHIOCbDC8fn6aPwEVqszjXHSRk2,MedAssit 5,,Affiche,2024-02-19T18:40:03.076076,jWwIcd1tNfkAaJo62njO,150000,2024-02-19T18:40:03.283115,EQ6ECXV9i5kfgt1GO4V4,,Soins à domicile et suivi médical tous les deux mois,,eOl1l1Abvz8xoq5ABwtt
Tout dans l'événementiel,MqOc124jRTc4TXYOfHlEbTreCSa2,location Prado ,,Affiche,2023-06-06T20:47:11.749060,KZyZa9pEBuGrFOp4Vweq,150000,2024-06-03T17:28:16.240341,EagkNn93aCWACTLJiqaR,,location journalière dans la ville et hors ville avec chauff,https://firebasestorage.googleapis.com/v0/b/dhoola-4b710.appspot.com/o/services%2FServicesEagkNn93aCWACTLJiqaR.jpg?alt=media&token=cad30103-49b7-4ac7-ac1f-afd777dd5092,R3XawjusHQ57Mla9yIcm
Salons d'esthétique,4OU8k1M6xDaTwc4nbaCoRBE96wt1,regard ,,Affiche,2024-05-24T07:48:08.844601,RF0Gh7aSA6hQiQ4ltqoX,5000,2024-05-24T07:48:16.547823,EarQk2guFfaxuyTVpS5k,,épilation au fil ,,fNm6RTc6SfFtjJ73hnTx
SERVICES DIVERS,uXnnBb0D5yZiOrroCy3JCZ6FxPR2,Boucles d'oreilles beez,,Affiche,2024-05-19T00:52:58.549450,3wdruIJ01ALCZxosRmpU,13000,2024-05-19T00:55:10.942916,EmI9j11lymTw2HnsDM2u,,"Pour Fillettes 
Argent925-rhodié 
Enamel ",https://firebasestorage.googleapis.com/v0/b/dhoola-4b710.appspot.com/o/services%2FServicesEmI9j11lymTw2HnsDM2u.jpg?alt=media&token=49da301c-6d8a-4fe1-9283-ec501756e101,tT8yKDzWw4zoQtl2g6gm
SERVICES DIVERS,uXnnBb0D5yZiOrroCy3JCZ6FxPR2,Bracelet Lady,,Affiche,2024-05-19T00:38:36.149525,3wdruIJ01ALCZxosRmpU,26000,2024-05-19T00:40:45.536549,EsFRMBeRjcTV2Pwipai4,,"Vraies perles_de_culture 
Argent925-rhodié(fleur)",https://firebasestorage.googleapis.com/v0/b/dhoola-4b710.appspot.com/o/services%2FServicesEsFRMBeRjcTV2Pwipai4.jpg?alt=media&token=fbca6093-3bf5-41fc-818f-6204110e0e0c,tT8yKDzWw4zoQtl2g6gm
Alimentaire ,xZDi4UFLHvY6uriFTcJL3UVHtb23,Taro sauce jaune ,,Affiche,2023-10-20T19:12:51.531648,YJPGNNffL2VFqwmdoFFG,2000,2023-10-20T19:12:52.265151,EvlmcXGElQhb0yhZIIHD,,"Taro sauce jaune avec légumes sautés, aubergines, champignon",,H1rNSqdq9p7Ptonzir0W
SERVICES DIVERS,l49kJrXNLwUnd6iMMXHwhL9RxY43,SERVICE À LA PERSONNE,,Affiche,2024-01-26T12:46:55.805456,3wdruIJ01ALCZxosRmpU,6000,2024-01-28T20:47:02.354708,EzWjOVkXBKjeAlXU0P0t,,"GARDE PERSONNE ÂGÉE
(8 heures de garde)",https://firebasestorage.googleapis.com/v0/b/dhoola-4b710.appspot.com/o/services%2FServicesEzWjOVkXBKjeAlXU0P0t.jpg?alt=media&token=bd936bc5-f68a-41e7-a649-c00aeb41b367,tT8yKDzWw4zoQtl2g6gm
Salons d'esthétique,G4uE8F24qFbzbckOuVFng9NtCCK2,microblanding sourcils,,Affiche,2023-06-14T12:54:23.416530,RF0Gh7aSA6hQiQ4ltqoX,15000,2023-09-21T16:27:54.673191,FDHSpOSNYKNFA17CWkNN,,Tatouage des sourcils ,https://firebasestorage.googleapis.com/v0/b/dhoola-4b710.appspot.com/o/services%2FServicesFDHSpOSNYKNFA17CWkNN.jpg?alt=media&token=b9bc806b-9da7-4fa7-8e8d-f6d9288d2bad,fNm6RTc6SfFtjJ73hnTx
SERVICES DIVERS,l49kJrXNLwUnd6iMMXHwhL9RxY43,SERVICE À LA PERSONNE,,Affiche,2024-01-26T12:44:13.897206,3wdruIJ01ALCZxosRmpU,4000,2024-01-28T20:49:42.810363,FLtSNj5Je9EavwG5ze5J,,"GARDE PERSONNE ÂGÉE
(5 heures de garde)",https://firebasestorage.googleapis.com/v0/b/dhoola-4b710.appspot.com/o/services%2FServicesFLtSNj5Je9EavwG5ze5J.jpg?alt=media&token=f2fe318f-622c-4b3b-bf63-51c576ad9a81,tT8yKDzWw4zoQtl2g6gm
SERVICES TRAITEURS,9WrnILEzSLhu8iMmoMQxhkBhTDd2,Location couverts,,Affiche,2023-12-06T15:42:53.377465,JnzHTPdXIKHZfSHEBZi2,60000,2023-12-06T15:43:47.273333,FQDgbi56ERgFRfY0OxIu,,"location couverts, (600pcs x 100)",,R3XawjusHQ57Mla9yIcm
MÉDECINS & DENTISTES,bKqHDmwn88ZRIWJfIBrzjllY6FP2,PROTHÈSES DENTAIRES FIXEES,,Affiche,2023-09-15T10:38:45.986596,C3frxp2RDJ2quWKc9mqN,300000,2023-09-22T18:30:48.390407,FQTXvg4OL5gSBxzLi5Zk,,Couronne Dentaire en porcelaine,https://firebasestorage.googleapis.com/v0/b/dhoola-4b710.appspot.com/o/services%2FServicesFQTXvg4OL5gSBxzLi5Zk.jpg?alt=media&token=59b30ebc-45ff-49c2-ae4c-70ee95c0894c,eOl1l1Abvz8xoq5ABwtt
Services traiteurs,VcHCeXzJnQQJemdNO9cAnZtRWWe2,STAND,,Affiche,2023-07-12T11:05:21.528551,JnzHTPdXIKHZfSHEBZi2,450000,2023-09-21T15:02:39.950601,Fb4m0bcSWdEk7SzX8AcK,,STAND LARGE 12m²,,R3XawjusHQ57Mla9yIcm
Médecins & Dentistes,UP7r7Az1WUevLnjDOBJpYGXQzPD3,consultation rhumatologie ,,Affiche,2023-10-07T13:47:49.462760,C3frxp2RDJ2quWKc9mqN,15000,2023-10-07T13:47:49.852528,FredrwWK7ZyLJkx7BLWg,,"examen systématique du patient, confirmation diagnostic ",,eOl1l1Abvz8xoq5ABwtt
Salons d'esthétique,4OU8k1M6xDaTwc4nbaCoRBE96wt1,regard ,,Affiche,2024-05-24T07:41:43.202186,RF0Gh7aSA6hQiQ4ltqoX,10000,2024-05-24T07:41:43.526624,FzPJxhLUbUZUoEgnyfSE,,make up ,,fNm6RTc6SfFtjJ73hnTx
CLINIQUES,ydHIOCbDC8fn6aPwEVqszjXHSRk2,MedAssist 4,,Affiche,2024-02-19T18:37:42.758755,jWwIcd1tNfkAaJo62njO,300000,2024-02-19T18:39:03.357869,G2ej0vrj3QE6qyuCcxA4,,Soins à domicile et suivi médical mensuel,https://firebasestorage.googleapis.com/v0/b/dhoola-4b710.appspot.com/o/services%2FServicesG2ej0vrj3QE6qyuCcxA4.jpg?alt=media&token=f0d42548-fdfa-498a-b4a4-afc48171c616,eOl1l1Abvz8xoq5ABwtt
Tout dans l'événementiel,VcHCeXzJnQQJemdNO9cAnZtRWWe2,STAND,,Affiche,2023-07-12T11:06:47.253362,KZyZa9pEBuGrFOp4Vweq,600000,2024-06-03T17:28:16.240698,GGwJptFsSWxza7oJC5eA,,STAND EXTRA LARGE 16m²,,R3XawjusHQ57Mla9yIcm
Salons d'esthétique,QngL02SxlmNaCVZS1677HBg6lEX2,Microblading,,Affiche,2023-04-24T11:20:32.356175,RF0Gh7aSA6hQiQ4ltqoX,25000,2023-09-21T16:27:54.673529,GMIHDjW4WoeE33Qknr7E,,Soin permettant de redessiner les sourcils,,fNm6RTc6SfFtjJ73hnTx
Tout dans l'événementiel,z6qlZK7z2FdYkoQjBUuarmWdpGu1,Location de Véhicules ,,Affiche,2023-06-06T12:32:46.613968,KZyZa9pEBuGrFOp4Vweq,130000,2024-06-03T17:28:16.240833,GPfUK4I5Cw1UJq5REnDW,,"Très belle Mercedes GLE 350, décorée avec chauffeur ",,R3XawjusHQ57Mla9yIcm
Architectes,13WFZk72aXTqshmEoDqkR5xe0z92,conception 2D des plans de maison,,Affiche,2023-05-14T23:53:17.158238,m9efa6bdwh24az6SlL9K,50000,2023-09-21T16:16:14.121599,Gxxe5fuleC83f0ywShmp,,Nous concevons des plans qui répondent à toutes vos exigence,,NMm07ka3XBMO7S0N6T7y
Alimentaire ,OkGUcgYjDsf0Cec8YYCvQOsFs223,bon d'achat,,Affiche,2023-10-30T20:16:54.560784,YJPGNNffL2VFqwmdoFFG,10000,2023-10-30T20:16:54.853431,HmCkQFiD3tiY2pUvGR5a,,bon d'achat non remboursable,,H1rNSqdq9p7Ptonzir0W
MÉDECINS & DENTISTES,bKqHDmwn88ZRIWJfIBrzjllY6FP2,CHIRURGIE DENTAIRE,,Affiche,2023-09-22T17:59:41.213197,C3frxp2RDJ2quWKc9mqN,15000,2023-09-22T19:10:12.151358,HwO5ypl3yMAgICTCJbRB,,Suture gingivale,https://firebasestorage.googleapis.com/v0/b/dhoola-4b710.appspot.com/o/services%2FServicesHwO5ypl3yMAgICTCJbRB.jpg?alt=media&token=f901a27f-1d80-4de1-ae8e-33acd0e7f92f,eOl1l1Abvz8xoq5ABwtt
Collèges & Lycées,H9H3rbI1OlcUALvCLe2nbACUBBY2,Manuels scolaires,,Affiche,2024-07-22T18:48:15.620062,Gw3lI40xWXS4MS7tsmY8,56000,2024-07-22T18:48:15.620105,I14HeRzbCccGIUxcTplv,H9H3rbI1OlcUALvCLe2nbACUBBY2,Section francophone ,,48Oxzwdhu2crSuSb9jyD
SALONS DE COIFFURE,BzDA4Bq79ofqZsDOplwQYIyeTwH2,Soin nourrissant/Coiffure sans rajouts ,,Affiche,2023-11-04T13:01:19.784057,6rpkh8W5T2XyNQbvuCPd,10000,2023-11-10T14:01:33.095912,IMBOt9rD21XNHWNNst4u,,Soin nourrissant / Coiffure sans rajouts  ,https://firebasestorage.googleapis.com/v0/b/dhoola-4b710.appspot.com/o/services%2FServicesIMBOt9rD21XNHWNNst4u.jpg?alt=media&token=d8f97b8f-7e7e-45c4-96fd-9862cdb77403,fNm6RTc6SfFtjJ73hnTx
Salons d'esthétique,BzDA4Bq79ofqZsDOplwQYIyeTwH2,Manucure / Pédicure / Massage relaxant,,Affiche,2023-11-04T13:12:00.097398,RF0Gh7aSA6hQiQ4ltqoX,20000,2023-11-04T13:14:21.545237,IRYR2Q3BGZkWXDY5NEUe,,Manucure / Pédicure / Massage relaxant,https://firebasestorage.googleapis.com/v0/b/dhoola-4b710.appspot.com/o/services%2FServicesIRYR2Q3BGZkWXDY5NEUe.jpg?alt=media&token=35cfea43-af9d-4d6d-8464-e69307e0ca82,fNm6RTc6SfFtjJ73hnTx
INFO-COM,tFpgYukxk8bwyCJx1ZcLLLmD0252,Packaging & impressions ,,Affiche,2024-04-01T18:04:38.874330,I6AWdAj1WnDyzCVW312E,30000,2024-07-09T21:51:48.849114,IkSGos23czSJwXBZhpgJ,,"Emballages
Design de support marketing ",https://firebasestorage.googleapis.com/v0/b/dhoola-4b710.appspot.com/o/services%2FServicesIkSGos23czSJwXBZhpgJ.jpg?alt=media&token=441117f0-0b3b-4911-85f0-880e5aa51b48,tT8yKDzWw4zoQtl2g6gm
AMEUBLEMENT,MlgTbtQKnYRhNuyouktWCER8hpC3,porte en bois ,,Affiche,2024-04-24T14:33:38.087572,xrIvvNLPdmEa5LGyevNf,100000,2024-04-24T14:34:57.381239,J3t7s8BPQSc1FQHgXqHe,,Pour vos ouvertures de maisons en bois massif et  CP ,https://firebasestorage.googleapis.com/v0/b/dhoola-4b710.appspot.com/o/services%2FServicesJ3t7s8BPQSc1FQHgXqHe.jpg?alt=media&token=51b7313b-c402-4748-8b92-c49255ab26da,NMm07ka3XBMO7S0N6T7y
Tout dans l'événementiel,MqOc124jRTc4TXYOfHlEbTreCSa2,KIA SPORTAGE,,Affiche,2023-08-17T09:57:30.206546,KZyZa9pEBuGrFOp4Vweq,50000,2024-06-03T17:28:16.241096,JMahpZ0gGpd9BE2Y8OSC,,location en heure et en jour ,https://firebasestorage.googleapis.com/v0/b/dhoola-4b710.appspot.com/o/services%2FServicesJMahpZ0gGpd9BE2Y8OSC.jpg?alt=media&token=831dbdd5-6adb-4649-b808-54ace93bb7e0,R3XawjusHQ57Mla9yIcm
Info-Com,yJWMRBofrxPmtu0WSRzyfHNoQ5b2,tee-shirt ,,Affiche,2023-10-26T09:29:25.286155,I6AWdAj1WnDyzCVW312E,5000,2023-10-26T09:29:26.078287,JjOUfYQgsMStnpIeAl5H,,conception et impression de tee-shirts customisés,,tT8yKDzWw4zoQtl2g6gm
SERVICES DIVERS,uXnnBb0D5yZiOrroCy3JCZ6FxPR2,Parure Bianca ,,Affiche,2024-05-19T00:01:13.433663,3wdruIJ01ALCZxosRmpU,26000,2024-05-19T00:22:44.569102,JqG2bqv2mzuG4I93ZaUR,,"Pour Fillettes 
Argent925-rhodié 
CubicZirconia ",https://firebasestorage.googleapis.com/v0/b/dhoola-4b710.appspot.com/o/services%2FServicesJqG2bqv2mzuG4I93ZaUR.jpg?alt=media&token=8bfc5705-f968-4324-a58e-d98a47a4e587,tT8yKDzWw4zoQtl2g6gm
Tout dans l'événementiel,14320s4KGoT6JRe6JhYhKCA30062,bouquets de fleurs ,,Affiche,2024-02-26T21:47:37.765202,KZyZa9pEBuGrFOp4Vweq,30000,2024-06-03T17:28:16.241255,Jw7jUZ4IBgVricfiK2RN,,"Bouquets variés,uniques et disponibles. ",https://firebasestorage.googleapis.com/v0/b/dhoola-4b710.appspot.com/o/services%2FServicesJw7jUZ4IBgVricfiK2RN.jpg?alt=media&token=a1d3cafc-e30f-44bd-b4ea-a49161ab417a,R3XawjusHQ57Mla9yIcm
Architectes,a2fgrRlUmdUpM7Y45ApUrvjnpTk2,Accompagnement personnalisé ,,Affiche,2024-02-09T13:54:56.616128,m9efa6bdwh24az6SlL9K,50000,2024-02-09T13:54:57.223478,Kl7HVLanuAPtHV8lyNIY,,veille technologique & conseils ,,NMm07ka3XBMO7S0N6T7y
Tout dans l'événementiel,MqOc124jRTc4TXYOfHlEbTreCSa2,location pick-up Premium,,Affiche,2023-06-06T20:27:42.349326,KZyZa9pEBuGrFOp4Vweq,100000,2024-06-03T17:28:16.241405,LEhZmXSk6l3Z5AxNZ1Qx,,Location jour dans la ville et hors ville avec chauffeur ,https://firebasestorage.googleapis.com/v0/b/dhoola-4b710.appspot.com/o/services%2FServicesLEhZmXSk6l3Z5AxNZ1Qx.jpg?alt=media&token=9f1ed070-c402-4910-b729-e7ab22cc4049,R3XawjusHQ57Mla9yIcm
ALIMENTAIRE ,dOejW7bfDveOviZE3toZ1V9iBND2,Macaroni,,Affiche,2023-10-13T15:31:18.519657,YJPGNNffL2VFqwmdoFFG,9000,2023-10-13T15:33:08.208065,LGvxFddWjLky3AT31VZV,,Macaroni 250g*40,https://firebasestorage.googleapis.com/v0/b/dhoola-4b710.appspot.com/o/services%2FServicesLGvxFddWjLky3AT31VZV.jpg?alt=media&token=68c3a5d0-5786-4fbd-a2da-6b1cac9d6ce3,H1rNSqdq9p7Ptonzir0W
MÉDECINS & DENTISTES,bKqHDmwn88ZRIWJfIBrzjllY6FP2,CHIRURGIE DENTAIRE,,Affiche,2023-09-15T10:25:49.334276,C3frxp2RDJ2quWKc9mqN,12000,2023-09-22T19:13:57.079263,LTLaM5WMBcOnzaR9DXSf,,Extractions dentaires simple,https://firebasestorage.googleapis.com/v0/b/dhoola-4b710.appspot.com/o/services%2FServicesLTLaM5WMBcOnzaR9DXSf.jpg?alt=media&token=abeba656-d128-415d-a611-4339874518b3,eOl1l1Abvz8xoq5ABwtt
Médecins & Dentistes,9LCV7b4LZdhlrAtFBn9tJzoxu0p2,Consultation,,Affiche,2024-01-04T10:12:29.978189,C3frxp2RDJ2quWKc9mqN,15000,2024-01-04T10:12:30.302293,M4Yagg9jsKo21GUcZojd,,Consultation dentaire et une radio diagnostic au besoin,,eOl1l1Abvz8xoq5ABwtt
MÉDECINS & DENTISTES,bKqHDmwn88ZRIWJfIBrzjllY6FP2,ESTHÉTIQUE DENTAIRE,,Affiche,2023-09-22T18:53:57.699998,C3frxp2RDJ2quWKc9mqN,100000,2023-09-22T18:58:35.676299,Mpuw0zyhTvrItWV1pRVv,,Blanchiment Dentaire,https://firebasestorage.googleapis.com/v0/b/dhoola-4b710.appspot.com/o/services%2FServicesMpuw0zyhTvrItWV1pRVv.jpg?alt=media&token=aeca664d-c076-4c1b-b868-bfd104b1fbad,eOl1l1Abvz8xoq5ABwtt
Salons d'esthétique,NB0X9FrKDRSGQJGnee7LaBDKCbM2,Soin du visage classique ,,Affiche,2023-05-03T12:05:32.698439,RF0Gh7aSA6hQiQ4ltqoX,12000,2023-09-21T16:27:54.673768,N94H1POJlPfJqKTy6Ejr,,Soin de visage avec extractions ,,fNm6RTc6SfFtjJ73hnTx
Alimentaire ,dOejW7bfDveOviZE3toZ1V9iBND2,RIZ,,Affiche,2023-10-13T10:29:33.112487,YJPGNNffL2VFqwmdoFFG,25000,2023-10-13T10:53:53.744020,N9SoCP77Q5HmggdRN7fn,,Riz Neima thaïlandais (grains d'or) 5% brisure long grain,https://firebasestorage.googleapis.com/v0/b/dhoola-4b710.appspot.com/o/services%2FServicesN9SoCP77Q5HmggdRN7fn.jpg?alt=media&token=4dc06479-230f-4b57-a58b-77387cf2608c,H1rNSqdq9p7Ptonzir0W
Alimentaire ,L2k6Q8chTrMpp4zuSDZuDP5EQmU2,bon d'achat,,Affiche,2023-10-10T16:55:07.280269,YJPGNNffL2VFqwmdoFFG,10000,2023-10-10T16:55:59.899527,NGSvdck0CXHrriERFKI5,,un panier d'une valeur de 10000 francs non remboursable,,H1rNSqdq9p7Ptonzir0W
Salons d'esthétique,cxDNgbdr4IQDKtFMCsEvmuMLjQ52,Bon d’achat ,,Affiche,2023-10-30T20:44:51.906,RF0Gh7aSA6hQiQ4ltqoX,20000,2023-10-30T20:44:52.220035,NRPYzHDBgqwNpqEPVbSr,,Bon d’achat non remboursable ,,fNm6RTc6SfFtjJ73hnTx
Tout dans l'événementiel,MqOc124jRTc4TXYOfHlEbTreCSa2,Location courte et longue durée ,,Affiche,2023-06-06T14:15:37.810657,KZyZa9pEBuGrFOp4Vweq,40000,2024-06-03T17:28:16.241962,O21Y0PR2U7jrrnRjs1TM,,location journalière dans la ville avec chauffeur ,https://firebasestorage.googleapis.com/v0/b/dhoola-4b710.appspot.com/o/services%2FServicesO21Y0PR2U7jrrnRjs1TM.jpg?alt=media&token=2a89a600-ace0-470a-b17b-3d3106b570f3,R3XawjusHQ57Mla9yIcm
SERVICES DIVERS,GNSun0UsCpbCzARwv4EK5xJqiXv2,Livraison de livres homologués 🇨🇲 ,,Affiche,2024-03-10T21:21:29.311882,3wdruIJ01ALCZxosRmpU,40000,2024-03-10T23:08:48.546381,O2mJnyjPh2TuIw2NALkm,,Livraison manuel sous systèmes francophone et anglophon,https://firebasestorage.googleapis.com/v0/b/dhoola-4b710.appspot.com/o/services%2FServicesO2mJnyjPh2TuIw2NALkm.jpg?alt=media&token=7dddb20c-c1c6-4fd3-a4cd-e38b0bf897d6,tT8yKDzWw4zoQtl2g6gm
MÉDECINS & DENTISTES,bKqHDmwn88ZRIWJfIBrzjllY6FP2,RECONSTITUTION DE COURONNE,,Affiche,2023-09-22T18:12:43.596654,C3frxp2RDJ2quWKc9mqN,12000,2023-09-22T18:53:11.472555,OBCgZWSDM12Cz3yMoQfb,,Reconstitution couronne 2 Faces ,https://firebasestorage.googleapis.com/v0/b/dhoola-4b710.appspot.com/o/services%2FServicesOBCgZWSDM12Cz3yMoQfb.jpg?alt=media&token=689ed1a4-e981-44d1-8050-365c742c3b07,eOl1l1Abvz8xoq5ABwtt
SALONS DE COIFFURE,BzDA4Bq79ofqZsDOplwQYIyeTwH2,Package bronze ,,Affiche,2023-11-10T13:54:33.448448,6rpkh8W5T2XyNQbvuCPd,20000,2023-11-10T13:56:41.692470,OZMSHVqPRU7CX39FHVZh,,Soin + coiffure sans rajouts + massage relaxant ,https://firebasestorage.googleapis.com/v0/b/dhoola-4b710.appspot.com/o/services%2FServicesOZMSHVqPRU7CX39FHVZh.jpg?alt=media&token=eff58272-5ec8-4464-8d26-f783527cbd66,fNm6RTc6SfFtjJ73hnTx
Alimentaire ,OkGUcgYjDsf0Cec8YYCvQOsFs223,Bon d'achat,,Affiche,2023-10-30T20:17:56.702620,YJPGNNffL2VFqwmdoFFG,40000,2023-10-30T20:17:57.013201,OZxDKVPU9H3oy5fAg65L,,Bon d'achat non remboursable,,H1rNSqdq9p7Ptonzir0W
Salons d'esthétique,4OU8k1M6xDaTwc4nbaCoRBE96wt1,soins du visage ,,Affiche,2024-05-24T07:29:14.921538,RF0Gh7aSA6hQiQ4ltqoX,16000,2024-05-24T07:29:15.243716,OfjgLvWv2ToUbW3w3onM,,soins anti acnée ,,fNm6RTc6SfFtjJ73hnTx
Salons d'esthétique,G4uE8F24qFbzbckOuVFng9NtCCK2,maquillage  avec déplacement possible ,,Affiche,2023-06-14T12:56:06.723102,RF0Gh7aSA6hQiQ4ltqoX,25000,2023-09-21T16:27:54.673960,PIftBXJmMgCIFPxQTrAz,,Avec cils naturels et pose lentilles aux choix ,https://firebasestorage.googleapis.com/v0/b/dhoola-4b710.appspot.com/o/services%2FServicesPIftBXJmMgCIFPxQTrAz.jpg?alt=media&token=f11d522f-23b7-4fcf-ada0-590fb07aea7f,fNm6RTc6SfFtjJ73hnTx
Salons d'esthétique,QngL02SxlmNaCVZS1677HBg6lEX2,Pédicure ,,Affiche,2023-04-24T11:17:56.288552,RF0Gh7aSA6hQiQ4ltqoX,10000,2023-09-21T16:27:54.674102,PJ9zg0nZOBzxKn6jnma3,,Soin permettant de nettoyer et embellir les pieds,,fNm6RTc6SfFtjJ73hnTx
Médecins & Dentistes,bKqHDmwn88ZRIWJfIBrzjllY6FP2,FRACTURE MANDIBULAIRE,,Affiche,2023-09-15T10:34:41.135302,C3frxp2RDJ2quWKc9mqN,250000,2023-09-21T16:54:37.193650,PiyWc2qwD294Rm05VogV,,prise en charge des fractures mandibulaire par contention ,,eOl1l1Abvz8xoq5ABwtt
COLLÈGES & LYCÉES,H9H3rbI1OlcUALvCLe2nbACUBBY2,Section francophone ,H9H3rbI1OlcUALvCLe2nbACUBBY2,Affiche,2024-07-22T18:54:21.111338,Gw3lI40xWXS4MS7tsmY8,60000,2024-07-22T18:55:14.920516,PuPjIqqZtEXGZT6Dk4xp,H9H3rbI1OlcUALvCLe2nbACUBBY2,Manuels scolaires ,https://firebasestorage.googleapis.com/v0/b/dhoola-4b710.appspot.com/o/services%2FServicesPuPjIqqZtEXGZT6Dk4xp.jpg?alt=media&token=6ad7edcc-fc72-48d2-81a0-a4b413ec77d2,48Oxzwdhu2crSuSb9jyD
Salons d'esthétique,4OU8k1M6xDaTwc4nbaCoRBE96wt1,soins du visage ,,Affiche,2024-05-24T07:28:49.322473,RF0Gh7aSA6hQiQ4ltqoX,16000,2024-05-24T07:28:49.648608,Q1M4Y5ngGlXgEQhe5znv,,soins éclat ,,fNm6RTc6SfFtjJ73hnTx
Tout dans l'événementiel,VcHCeXzJnQQJemdNO9cAnZtRWWe2,Stand ,,Affiche,2023-07-12T11:01:13.622454,KZyZa9pEBuGrFOp4Vweq,150000,2024-06-03T17:28:16.242362,Q66HnwhIllaoxj0KJYC6,,"STAND RESTAURATION 3.6m²
",,R3XawjusHQ57Mla9yIcm
Cliniques,ydHIOCbDC8fn6aPwEVqszjXHSRk2,MedAssist 6,,Affiche,2024-02-19T18:40:44.553586,jWwIcd1tNfkAaJo62njO,100000,2024-02-19T18:40:44.812730,Q7rRNRXMEEXRTA8ZB8rI,,Soins à domicile et suivi médical tous les trimestres,,eOl1l1Abvz8xoq5ABwtt
SERVICES DIVERS,uXnnBb0D5yZiOrroCy3JCZ6FxPR2,Boucles d'oreilles Queena ,,Affiche,2024-05-19T00:42:20.346580,3wdruIJ01ALCZxosRmpU,14000,2024-05-19T00:45:50.333954,Q9QriIPX27rTlgHQ3xN7,,"Vraies perles_de_culture 
CubicZirconia 
N'irritent pas",https://firebasestorage.googleapis.com/v0/b/dhoola-4b710.appspot.com/o/services%2FServicesQ9QriIPX27rTlgHQ3xN7.jpg?alt=media&token=330853ce-71f7-48cf-9f77-f3de28b9fc8c,tT8yKDzWw4zoQtl2g6gm
Salons d'esthétique,4OU8k1M6xDaTwc4nbaCoRBE96wt1,soins du visage ,,Affiche,2024-05-24T07:31:47.755640,RF0Gh7aSA6hQiQ4ltqoX,20000,2024-05-24T07:31:48.081528,QLdSQAMG869jy2enR7fo,,soins anti âge ,,fNm6RTc6SfFtjJ73hnTx
MÉDECINS & DENTISTES,bKqHDmwn88ZRIWJfIBrzjllY6FP2,RADIOGRAPHIE DENTAIRE,,Affiche,2023-09-15T10:32:59.809969,C3frxp2RDJ2quWKc9mqN,5000,2023-09-22T18:48:18.211619,QMw0BKMsC9ngGBZ76EW1,,examen de radiographie rétro alvéolaire ,https://firebasestorage.googleapis.com/v0/b/dhoola-4b710.appspot.com/o/services%2FServicesQMw0BKMsC9ngGBZ76EW1.jpg?alt=media&token=e09f8835-f3fc-4798-82eb-99eb37f51a5d,eOl1l1Abvz8xoq5ABwtt
Services traiteurs,lyhs4mibhVZJQnmsWKgmmulgZXv2,gâteaux étages ,,Affiche,2023-04-04T13:20:05.023059,JnzHTPdXIKHZfSHEBZi2,50000,2023-09-21T15:02:39.951382,QQKh8hyM9j8WXhxTw6Zg,,association de 2 gâteaux aux  saveurs délicieuses,,R3XawjusHQ57Mla9yIcm
CLINIQUES,bKqHDmwn88ZRIWJfIBrzjllY6FP2,SOINS BUCCO-DENTAIRES,,Affiche,2023-09-14T17:41:19.280476,jWwIcd1tNfkAaJo62njO,10000,2023-09-22T18:37:20.478121,QRzIP7fKDWw4qqhCqvZv,,CONSULTATION BUCCO-DENTAIRE ,https://firebasestorage.googleapis.com/v0/b/dhoola-4b710.appspot.com/o/services%2FServicesQRzIP7fKDWw4qqhCqvZv.jpg?alt=media&token=d55ba8a6-2be7-4e58-b1cf-7aba66a7d2e8,eOl1l1Abvz8xoq5ABwtt
Ameublement,YonCMibRxZa6KyexHXnT1aVhx5h2,Paniers suprises,,Affiche,2024-03-05T19:50:12.027557,xrIvvNLPdmEa5LGyevNf,35000,2024-03-05T19:50:12.714341,QVmVl94c864NUfnkEOlU,,"Composition des paniers et livraison
Demandes diverses",,NMm07ka3XBMO7S0N6T7y
Salons d'esthétique,QngL02SxlmNaCVZS1677HBg6lEX2,Soin de visage,,Affiche,2023-04-24T11:12:38.310013,RF0Gh7aSA6hQiQ4ltqoX,10000,2023-09-21T16:27:54.674290,QZ7j1MbmAhopnXfWQpRY,,"Soin permettant de nettoyer, raffermir, tonifier, hydrater ",,fNm6RTc6SfFtjJ73hnTx
Tout dans l'événementiel,MqOc124jRTc4TXYOfHlEbTreCSa2,location taxi en Berline classique ,,Affiche,2023-06-06T20:11:50.444849,KZyZa9pEBuGrFOp4Vweq,8000,2024-06-03T17:28:16.242744,QbNykIKfiLAR7C65hUVi,,"pick up/drop off aéroport,dépôt,course horaire,hors ville ",https://firebasestorage.googleapis.com/v0/b/dhoola-4b710.appspot.com/o/services%2FServicesQbNykIKfiLAR7C65hUVi.jpg?alt=media&token=1a39c536-82e1-4ee8-8478-c9b54d04d285,R3XawjusHQ57Mla9yIcm
Salons d'esthétique,QngL02SxlmNaCVZS1677HBg6lEX2,"Épilation (visage, maillot, jambes...)",,Affiche,2023-04-24T11:11:24.563815,RF0Gh7aSA6hQiQ4ltqoX,10000,2023-09-21T16:27:54.674466,QjMwLSobpU9wZG7QrVyC,,Soin consistant à enlever les poils sur la peau,,fNm6RTc6SfFtjJ73hnTx
Architectes,a2fgrRlUmdUpM7Y45ApUrvjnpTk2,Évaluation de l’architecture existante ,,Affiche,2024-02-09T13:51:36.794788,m9efa6bdwh24az6SlL9K,50000,2024-02-09T13:51:37.799691,QoNDpBF9adj7dOszRcCG,,Développer des solutions architecturales innovantes ,,NMm07ka3XBMO7S0N6T7y
SERVICES DIVERS,l49kJrXNLwUnd6iMMXHwhL9RxY43,SERVICES A LA TACHE,,Affiche,2024-01-26T12:31:18.925219,3wdruIJ01ALCZxosRmpU,5000,2024-01-28T20:50:39.144409,QpGMc8gYdqTtcHY62LKI,,"SERVICES A LA TACHE
CUISINE (1 Repas)",https://firebasestorage.googleapis.com/v0/b/dhoola-4b710.appspot.com/o/services%2FServicesQpGMc8gYdqTtcHY62LKI.jpg?alt=media&token=a4409d7d-be64-4378-8401-99863029f799,tT8yKDzWw4zoQtl2g6gm
ALIMENTAIRE ,dOejW7bfDveOviZE3toZ1V9iBND2,Sardine,,Affiche,2023-10-13T15:35:43.764403,YJPGNNffL2VFqwmdoFFG,18000,2023-10-13T15:37:41.977239,RVygOhQEroh3QrwNN0Yx,,Sardine à huile végétale marque citadelle 125g*50,https://firebasestorage.googleapis.com/v0/b/dhoola-4b710.appspot.com/o/services%2FServicesRVygOhQEroh3QrwNN0Yx.jpg?alt=media&token=4069141c-696b-4def-8629-b75750009d59,H1rNSqdq9p7Ptonzir0W
COLLÈGES & LYCÉES,H9H3rbI1OlcUALvCLe2nbACUBBY2,Section francophone ,H9H3rbI1OlcUALvCLe2nbACUBBY2,Affiche,2024-07-22T18:52:28.209662,Gw3lI40xWXS4MS7tsmY8,46000,2024-07-22T18:53:28.939329,RtC6xE4AgEoBXenAuRQo,H9H3rbI1OlcUALvCLe2nbACUBBY2,Manuels scolaires ,https://firebasestorage.googleapis.com/v0/b/dhoola-4b710.appspot.com/o/services%2FServicesRtC6xE4AgEoBXenAuRQo.jpg?alt=media&token=aacfe01f-8d23-4c77-8d05-461d75aecf8c,48Oxzwdhu2crSuSb9jyD
Médecins & Dentistes,lzJZu55ciXTnG5Z6uhVrdN6cvFI2,consultation à domicile ,,Affiche,2023-11-06T15:40:27.802979,C3frxp2RDJ2quWKc9mqN,10000,2023-11-06T15:40:28.545363,SOmQ6IUcvDmWPOZeeamm,,"examens cliniques et paracliniques, ordonnance médicale ",,eOl1l1Abvz8xoq5ABwtt
MÉDECINS & DENTISTES,bKqHDmwn88ZRIWJfIBrzjllY6FP2,ORTHODONTIE,,Affiche,2023-09-15T10:31:09.795135,C3frxp2RDJ2quWKc9mqN,400000,2023-09-22T18:39:11.122205,SXMk6Ra7MZsokOKXfY8j,,Appareils dentaires/ Alignement Dentaire/bagues Dentaire,https://firebasestorage.googleapis.com/v0/b/dhoola-4b710.appspot.com/o/services%2FServicesSXMk6Ra7MZsokOKXfY8j.jpg?alt=media&token=905b7462-4ed0-47d4-9eeb-f59e2ea5bb40,eOl1l1Abvz8xoq5ABwtt
MÉDECINS & DENTISTES,8IdObyUObkebKXmJVyrvAbqSQjo2,Consultation Ophtalmologique ,,Affiche,2024-05-13T15:47:05.709382,C3frxp2RDJ2quWKc9mqN,15000,2024-05-13T15:47:28.628225,SaEVYX314n41MvRgsRcq,,visite de routine ophtalmologique ,https://firebasestorage.googleapis.com/v0/b/dhoola-4b710.appspot.com/o/services%2FServicesSaEVYX314n41MvRgsRcq.jpg?alt=media&token=6bb155c1-980e-43e1-aa58-c1fbe707d424,eOl1l1Abvz8xoq5ABwtt
Alimentaire ,dOejW7bfDveOviZE3toZ1V9iBND2,macaroni,,Affiche,2023-10-13T15:27:33.667842,YJPGNNffL2VFqwmdoFFG,4500,2023-10-13T15:28:17.974384,ScTUzD8nNbZjibbA0ANP,,Macaroni Pasta Ricco 250g*20,https://firebasestorage.googleapis.com/v0/b/dhoola-4b710.appspot.com/o/services%2FServicesScTUzD8nNbZjibbA0ANP.jpg?alt=media&token=1d2ff69d-4f68-4057-95e0-d42dc1fccc32,H1rNSqdq9p7Ptonzir0W
Salons d'esthétique,cxDNgbdr4IQDKtFMCsEvmuMLjQ52,Gel douche à l’amande douce ,,Affiche,2023-12-01T05:06:43.373152,RF0Gh7aSA6hQiQ4ltqoX,6700,2023-12-01T05:06:43.940812,T5b6dONStszvEAeIwb4T,,"Gel extra doux à l’amande 

1L",,fNm6RTc6SfFtjJ73hnTx
Médecins & Dentistes,eqVRCGB0etRAiheg44A0jnSQcSm2,médecin ,,Affiche,2023-11-02T12:29:45.840159,C3frxp2RDJ2quWKc9mqN,15000,2023-11-02T12:29:46.420028,TIDZ4bTgtCCdP11P2iGe,,"consultations médicales
suivi a domicile 
suivi externe ",,eOl1l1Abvz8xoq5ABwtt
SERVICES DIVERS,l49kJrXNLwUnd6iMMXHwhL9RxY43,SERVICE A LA TACHE,,Affiche,2024-01-26T12:30:04.605696,3wdruIJ01ALCZxosRmpU,3000,2024-01-28T20:51:05.353114,TSPPcABRp2rJggiHxjzT,,"SERVICE A LA TACHE
MENAGE (Jounalier)",https://firebasestorage.googleapis.com/v0/b/dhoola-4b710.appspot.com/o/services%2FServicesTSPPcABRp2rJggiHxjzT.jpg?alt=media&token=de8f395c-00c1-48f2-9c05-0fc854940ee6,tT8yKDzWw4zoQtl2g6gm
MÉDECINS & DENTISTES,bKqHDmwn88ZRIWJfIBrzjllY6FP2,PROTHÈSES DENTAIRES AMOVIBLES,,Affiche,2023-09-15T10:29:15.619862,C3frxp2RDJ2quWKc9mqN,60000,2023-09-22T18:42:33.734541,TWiD8WP6i7fJQwSZG9p4,,Prothèses amovibles résine ,https://firebasestorage.googleapis.com/v0/b/dhoola-4b710.appspot.com/o/services%2FServicesTWiD8WP6i7fJQwSZG9p4.jpg?alt=media&token=df9ad696-ea41-4479-a2a6-38186c748992,eOl1l1Abvz8xoq5ABwtt
Salons d'esthétique,utuqLNy1UuZLgy5eK33EeFqk4Fb2,masque de jouvence,,Affiche,2023-04-10T19:36:44.264512,RF0Gh7aSA6hQiQ4ltqoX,1500,2023-09-21T16:27:54.674677,ThDZe2h6DKq1G1BpR8SB,,un masque au charbon qui retire tout le comodon du visage,,fNm6RTc6SfFtjJ73hnTx
Médecins & Dentistes,8csk9oamgnRpOQOjvntjGabvwNh1,suivi mensuel a domiclle ,,Affiche,2023-11-11T11:49:41.643027,C3frxp2RDJ2quWKc9mqN,50000,2023-11-11T11:49:42.291421,U8gRrJg1PP71vuE119k1,,3 consultations par mois et en cas d'urgence à la demande ,,eOl1l1Abvz8xoq5ABwtt
Médecins & Dentistes,YjQ2OgdK3GO4MZMwC8x0MIZLP9v2,consultations à domicile,,Affiche,2023-11-17T16:22:55.998443,C3frxp2RDJ2quWKc9mqN,10000,2023-11-17T16:22:58.561156,UeniTwKYODrdK72V7hnj,,prise des paramètres biologiques et consultations ,,eOl1l1Abvz8xoq5ABwtt
MÉDECINS & DENTISTES,bKqHDmwn88ZRIWJfIBrzjllY6FP2,RECONSTITUTIONS DE COURONNE,,Affiche,2023-09-22T18:13:27.660848,C3frxp2RDJ2quWKc9mqN,18000,2023-09-22T18:44:54.716784,Uqk6NgtTatYL8jSw5KNF,,Reconstitution couronne 3 faces,https://firebasestorage.googleapis.com/v0/b/dhoola-4b710.appspot.com/o/services%2FServicesUqk6NgtTatYL8jSw5KNF.jpg?alt=media&token=f6cc8e01-b643-46b9-9403-9d95e28a6e07,eOl1l1Abvz8xoq5ABwtt
Salons d'esthétique,NB0X9FrKDRSGQJGnee7LaBDKCbM2,Pédicure ,,Affiche,2023-05-03T12:15:43.009674,RF0Gh7aSA6hQiQ4ltqoX,10000,2023-09-21T16:27:54.674814,VOxsekVSngmRVLylKW34,,Soin des pieds ,,fNm6RTc6SfFtjJ73hnTx
SERVICES DIVERS,uXnnBb0D5yZiOrroCy3JCZ6FxPR2,Boucles d'oreilles Sheila ,,Affiche,2024-05-19T00:56:14.775118,3wdruIJ01ALCZxosRmpU,14000,2024-05-22T00:19:34.602403,Vi4lYjheTJqsn6hGtpvg,,"Argent925-rhodié 
Vraies perles_de_culture 
CubicZirconia ",,tT8yKDzWw4zoQtl2g6gm
Salons d'esthétique,G4uE8F24qFbzbckOuVFng9NtCCK2,FORMATION PROFESSIONNELLE ,,Affiche,2023-06-14T12:59:06.283231,RF0Gh7aSA6hQiQ4ltqoX,150000,2023-09-21T16:27:54.674941,VmCImLLe25kBzAuUI8ny,,Formations professionnelles en maquillage ,https://firebasestorage.googleapis.com/v0/b/dhoola-4b710.appspot.com/o/services%2FServicesVmCImLLe25kBzAuUI8ny.jpg?alt=media&token=99650790-f69a-445f-921b-ad1ef8a9c520,fNm6RTc6SfFtjJ73hnTx
ALIMENTAIRE ,dOejW7bfDveOviZE3toZ1V9iBND2,Pâtes alimentaires,,Affiche,2023-10-13T15:39:17.454054,YJPGNNffL2VFqwmdoFFG,6500,2023-10-13T15:43:41.814816,VwSULI32LBwu31wE1A9P,,Pacha Spaghetti 500g*20 (pâte de semoule de blé dur),https://firebasestorage.googleapis.com/v0/b/dhoola-4b710.appspot.com/o/services%2FServicesVwSULI32LBwu31wE1A9P.jpg?alt=media&token=b80e0dfe-89bc-4d4c-a869-edb5441b43b0,H1rNSqdq9p7Ptonzir0W
Salons d'esthétique,skfv33bWqSgEmWjmVwaHN6S2m343,soin de visage classique ,,Affiche,2024-06-20T12:54:55.435392,RF0Gh7aSA6hQiQ4ltqoX,15000,2024-06-20T12:54:58.641225,W1FA6cJjA0SxxhXKC8kU,,"soin de visage classique 
durée : 1h ",,fNm6RTc6SfFtjJ73hnTx
Salons d'esthétique,QngL02SxlmNaCVZS1677HBg6lEX2,Coiffure mixte,,Affiche,2023-04-24T11:16:17.116941,RF0Gh7aSA6hQiQ4ltqoX,2500,2023-09-21T16:27:54.675047,W9AWSesxQLAnphwB4VAe,,Nous disposons d'un salon de coiffure homme et femme.,,fNm6RTc6SfFtjJ73hnTx
SERVICES DIVERS,GNSun0UsCpbCzARwv4EK5xJqiXv2,Livres éducatifs 📚 ,,Affiche,2024-03-10T21:25:33.207256,3wdruIJ01ALCZxosRmpU,3000,2024-03-10T23:10:16.688830,WK9Zk0hJcOQdzA7tRu8k,,Catalogue & livre éducatif de 3 à 16 ans ,https://firebasestorage.googleapis.com/v0/b/dhoola-4b710.appspot.com/o/services%2FServicesWK9Zk0hJcOQdzA7tRu8k.jpg?alt=media&token=2a9be8c4-548d-4887-9e33-89583fbf70a8,tT8yKDzWw4zoQtl2g6gm
Salons d'esthétique,4OU8k1M6xDaTwc4nbaCoRBE96wt1,regard ,,Affiche,2024-05-24T07:43:38.619,RF0Gh7aSA6hQiQ4ltqoX,15000,2024-05-24T07:43:38.967556,WLdm54SsyYZ76cMe1K3k,,make up à domicile ,,fNm6RTc6SfFtjJ73hnTx
Tout dans l'événementiel,MqOc124jRTc4TXYOfHlEbTreCSa2,location jour en Pick-up ,,Affiche,2023-06-06T20:22:38.958015,KZyZa9pEBuGrFOp4Vweq,70000,2024-06-03T17:28:16.243137,Wv3dChpt96mtN5vr6GGY,,location dans la ville et hors de la ville avec chauffeur ,https://firebasestorage.googleapis.com/v0/b/dhoola-4b710.appspot.com/o/services%2FServicesWv3dChpt96mtN5vr6GGY.jpg?alt=media&token=bbf715db-a86e-4f51-8303-5938473c0927,R3XawjusHQ57Mla9yIcm
Cliniques,ydHIOCbDC8fn6aPwEVqszjXHSRk2,Consultation médicale,,Affiche,2024-02-14T11:39:53.900370,jWwIcd1tNfkAaJo62njO,15000,2024-02-19T18:24:40.511610,X9lCaPfwY6Doi9lZKDXF,,Recueil des antécédents et Évaluation clinique complète,https://firebasestorage.googleapis.com/v0/b/dhoola-4b710.appspot.com/o/services%2FServicesX9lCaPfwY6Doi9lZKDXF.jpg?alt=media&token=229fddc4-cf44-4b4f-9539-da90aa3b6dd0,eOl1l1Abvz8xoq5ABwtt
AMEUBLEMENT,Ufbq6uDgbrh1edZcb3VJHY7nIo62,appartement meublé ,,Affiche,2023-11-14T13:31:22.583385,xrIvvNLPdmEa5LGyevNf,75000,2023-11-14T13:31:45.517697,XATL1wE7rbUJfDox7rwb,,tout un appartement pour satisfaire votre quiétude ,https://firebasestorage.googleapis.com/v0/b/dhoola-4b710.appspot.com/o/services%2FServicesXATL1wE7rbUJfDox7rwb.jpg?alt=media&token=105c76c7-8601-49ec-9d0c-ce515e992b8b,NMm07ka3XBMO7S0N6T7y
ALIMENTAIRE ,dOejW7bfDveOviZE3toZ1V9iBND2,sel,,Affiche,2023-10-17T10:34:08.489366,YJPGNNffL2VFqwmdoFFG,2700,2023-10-17T10:36:55.986821,XMSpTLwjimbfDUFWpdbx,,Sel Sasel fin (format 18kg),https://firebasestorage.googleapis.com/v0/b/dhoola-4b710.appspot.com/o/services%2FServicesXMSpTLwjimbfDUFWpdbx.jpg?alt=media&token=5d313251-de99-417f-bd9a-b5d094557513,H1rNSqdq9p7Ptonzir0W
Salons d'esthétique,4OU8k1M6xDaTwc4nbaCoRBE96wt1,soins cheveux ,,Affiche,2024-05-24T07:34:37.168192,RF0Gh7aSA6hQiQ4ltqoX,30000,2024-05-24T07:34:37.493383,XXi29sJaHSSvy7dXPIe9,,Haïr needling ( chutes de cheveux),,fNm6RTc6SfFtjJ73hnTx
Architectes,ZYJmkeL88LUSiU0CecsEVLIbKbg2,Maison de campagne,,Affiche,2023-06-16T07:44:35.966530,m9efa6bdwh24az6SlL9K,10000000,2023-09-21T16:16:14.122359,XeLwMESCVYdbPAsV7C3x,,maison écologique en harmonie avec la nature.,https://firebasestorage.googleapis.com/v0/b/dhoola-4b710.appspot.com/o/services%2FServicesXeLwMESCVYdbPAsV7C3x.jpg?alt=media&token=8516965a-84d9-4067-aa68-8a7143b9bbdd,NMm07ka3XBMO7S0N6T7y
Alimentaire ,EwB5XKeGHVT0TvbZ3IMLVxNFtZE3,"Vidal's, coffee ☕ & breakfast ",,Affiche,2024-04-06T01:40:37.905104,YJPGNNffL2VFqwmdoFFG,125,2024-04-15T19:22:27.705858,XgeC92hetr1wFCXX838l,,service café ☕ boissons chaudes et sandwichs ,https://firebasestorage.googleapis.com/v0/b/dhoola-4b710.appspot.com/o/services%2FServicesXgeC92hetr1wFCXX838l.jpg?alt=media&token=db866beb-2fc0-46ed-8b9e-c4254a0b7d89,H1rNSqdq9p7Ptonzir0W
MÉDECINS & DENTISTES,bKqHDmwn88ZRIWJfIBrzjllY6FP2,OFFRE DÉCEMBRE,,Affiche,2023-11-23T22:46:10.110222,C3frxp2RDJ2quWKc9mqN,80000,2023-11-23T22:53:20.370723,Y2vorbw5IQLk6MCSVEKf,,DÉTARTRAGE DENTAIRE +BLANCHIMENT DENTAIRE,https://firebasestorage.googleapis.com/v0/b/dhoola-4b710.appspot.com/o/services%2FServicesY2vorbw5IQLk6MCSVEKf.jpg?alt=media&token=779c03fd-9f72-42c8-8c09-5e47c6a10d86,eOl1l1Abvz8xoq5ABwtt
Alimentaire ,xZDi4UFLHvY6uriFTcJL3UVHtb23,Bouillon de porc epic ,,Affiche,2023-10-20T19:05:09.944370,YJPGNNffL2VFqwmdoFFG,2500,2023-10-20T19:11:12.869408,ZPyGquiiMT6amn910E0p,,bouillon de porc epic avec tubercules bouillis,https://firebasestorage.googleapis.com/v0/b/dhoola-4b710.appspot.com/o/services%2FServicesZPyGquiiMT6amn910E0p.jpg?alt=media&token=83f904f9-af66-4fa3-a7e7-934ae53a0d88,H1rNSqdq9p7Ptonzir0W
Salons d'esthétique,4OU8k1M6xDaTwc4nbaCoRBE96wt1,soins corporels ,,Affiche,2024-05-24T07:38:33.667648,RF0Gh7aSA6hQiQ4ltqoX,25000,2024-05-24T07:38:34.000367,ZVNXnruS1pZPCvNFaOjy,,traitement quintos,,fNm6RTc6SfFtjJ73hnTx
Salons d'esthétique,cxDNgbdr4IQDKtFMCsEvmuMLjQ52,Bon d’achat,,Affiche,2023-10-30T20:44:10.855147,RF0Gh7aSA6hQiQ4ltqoX,10000,2023-10-30T20:44:11.674886,ZhsGRJBsROV8KN219Js3,,Bon non remboursable ,,fNm6RTc6SfFtjJ73hnTx
Salons d'esthétique,4OU8k1M6xDaTwc4nbaCoRBE96wt1,soins ,,Affiche,2024-05-24T07:57:21.316114,RF0Gh7aSA6hQiQ4ltqoX,5000,2024-05-24T07:57:22.006822,ZvN6k2YMONB6Eh6rRYye,,épilation aisselles à la cire ,,fNm6RTc6SfFtjJ73hnTx
Salons d'esthétique,4OU8k1M6xDaTwc4nbaCoRBE96wt1,soins ,,Affiche,2024-05-24T07:40:54.934530,RF0Gh7aSA6hQiQ4ltqoX,8000,2024-05-24T07:40:55.278611,aSFfplwJ8yTL4A4V42Lw,,pédicure ,,fNm6RTc6SfFtjJ73hnTx
Salons d'esthétique,4OU8k1M6xDaTwc4nbaCoRBE96wt1,soins du visage ,,Affiche,2024-05-24T07:33:11.727997,RF0Gh7aSA6hQiQ4ltqoX,35000,2024-05-24T07:33:12.076747,aaC1aduTixn9Iuvh7Vhi,,microneedling ,,fNm6RTc6SfFtjJ73hnTx
CLINIQUES,ydHIOCbDC8fn6aPwEVqszjXHSRk2,MedAssit 3,,Affiche,2024-02-19T18:36:34.924462,jWwIcd1tNfkAaJo62njO,650000,2024-02-19T18:37:02.245999,aakR9alhSGLDcTxnJpWr,,Soins à domicile et suivi médical toutes les deux semaines.,https://firebasestorage.googleapis.com/v0/b/dhoola-4b710.appspot.com/o/services%2FServicesaakR9alhSGLDcTxnJpWr.jpg?alt=media&token=115d5fdd-f3e2-46e8-bc2f-8959ad037454,eOl1l1Abvz8xoq5ABwtt
SERVICES DIVERS,uXnnBb0D5yZiOrroCy3JCZ6FxPR2,Collier Mariella,,Affiche,2024-05-19T00:07:01.082526,3wdruIJ01ALCZxosRmpU,16000,2024-05-19T00:10:48.414851,bhuH5yvFmeiJdAiltbu4,,"Argent925-rhodié 
CubicZirconia 
Ne change pas 
N'irrite pas",https://firebasestorage.googleapis.com/v0/b/dhoola-4b710.appspot.com/o/services%2FServicesbhuH5yvFmeiJdAiltbu4.jpg?alt=media&token=dac70639-ea06-4eb6-82f5-9d988151ad46,tT8yKDzWw4zoQtl2g6gm
Alimentaire ,7M7SLCTcDPfmhxSU0k4E385ucuJ2,poulet réformé,,Affiche,2023-12-21T07:37:42.759049,YJPGNNffL2VFqwmdoFFG,6500,2023-12-21T07:40:35.516055,bkLedQ7RmvFSCppyNjak,,poulet entier frais 2kgs et+,,H1rNSqdq9p7Ptonzir0W
SERVICES DIVERS,GNSun0UsCpbCzARwv4EK5xJqiXv2,Formation ,,Affiche,2024-03-10T23:04:51.353943,3wdruIJ01ALCZxosRmpU,50000,2024-03-10T23:11:33.585913,cugyixG1C8d0VdA95RZD,,"Formation en design graphique (Suite adobe, Canva)",https://firebasestorage.googleapis.com/v0/b/dhoola-4b710.appspot.com/o/services%2FServicescugyixG1C8d0VdA95RZD.jpg?alt=media&token=6cc3a06b-ff94-4921-bfc4-23ec7f88db8e,tT8yKDzWw4zoQtl2g6gm
ALIMENTAIRE ,6vKFwEf8eMRFjjSNrjJhssgZ15X2,ROSE I LOVE YOU,,Affiche,2024-02-12T04:21:10.895094,YJPGNNffL2VFqwmdoFFG,100,2024-02-12T04:32:33.874483,d2ATDZKZu5JkZkhOHGnI,,fleur artificielle ,https://firebasestorage.googleapis.com/v0/b/dhoola-4b710.appspot.com/o/services%2FServicesd2ATDZKZu5JkZkhOHGnI.jpg?alt=media&token=3f0daade-28d5-47da-9cca-06a4ff3310da,H1rNSqdq9p7Ptonzir0W
Services traiteurs,lyhs4mibhVZJQnmsWKgmmulgZXv2,gâteau de mariage VIP,,Affiche,2023-04-04T13:16:47.976308,JnzHTPdXIKHZfSHEBZi2,500000,2023-09-21T15:02:39.952195,dHYoC0P0JrVVtGH12z6t,,une pièce montée faites de plusieurs somptueux gateaux,,R3XawjusHQ57Mla9yIcm
Laboratoires,cXO5RL7OGCXdQ2ad1tZZEXmb4vr2,Pack Personnes Âgées ,,Affiche,2023-10-03T14:14:59.076706,XSMZkpA4YsDjsAB94SWu,55000,2023-10-03T14:15:31.020457,dQcqQ6wU0D2UKAOId4fF,,Surveillance des différentes fonctions de l'organisme ,https://firebasestorage.googleapis.com/v0/b/dhoola-4b710.appspot.com/o/services%2FServicesdQcqQ6wU0D2UKAOId4fF.jpg?alt=media&token=3e9b2804-48bb-4f5b-89b7-fbbbab0865c4,eOl1l1Abvz8xoq5ABwtt
Salons d'esthétique,QngL02SxlmNaCVZS1677HBg6lEX2,Extension de cils,,Affiche,2023-04-24T11:19:29.765983,RF0Gh7aSA6hQiQ4ltqoX,20000,2023-09-21T16:27:54.675229,duwWYjnui7QOMEOzj2Bh,,"Soin permettant d'allonger, de donner du volume à vos cils",,fNm6RTc6SfFtjJ73hnTx
Tout dans l'événementiel,14320s4KGoT6JRe6JhYhKCA30062,bouquets de fleurs ,,Affiche,2024-02-26T21:47:41.381478,KZyZa9pEBuGrFOp4Vweq,30000,2024-06-03T17:28:16.243457,eQJLaV5AznWdnuyqzV8z,,"Bouquets variés,uniques et disponibles. ",https://firebasestorage.googleapis.com/v0/b/dhoola-4b710.appspot.com/o/services%2FServiceseQJLaV5AznWdnuyqzV8z.jpg?alt=media&token=d0fef193-ef26-443d-a42e-267d48a317c8,R3XawjusHQ57Mla9yIcm
Salons d'esthétique,4OU8k1M6xDaTwc4nbaCoRBE96wt1,soins du visage ,,Affiche,2024-05-24T07:33:38.092575,RF0Gh7aSA6hQiQ4ltqoX,32000,2024-05-24T07:33:38.421296,egzcZsIm0c173aOUnqYw,,BB glow,,fNm6RTc6SfFtjJ73hnTx
SERVICES DIVERS,l49kJrXNLwUnd6iMMXHwhL9RxY43,SERVICE À LA PERSONNE,,Affiche,2024-01-26T12:43:05.910178,3wdruIJ01ALCZxosRmpU,3000,2024-01-28T20:25:27.281341,ejfkgt4adQEM1xE8moSc,,"GARDE MALADE
( 5 heures de garde)",https://firebasestorage.googleapis.com/v0/b/dhoola-4b710.appspot.com/o/services%2FServicesejfkgt4adQEM1xE8moSc.jpg?alt=media&token=5444cfcc-e71c-4d38-a26f-befd118a5ed3,tT8yKDzWw4zoQtl2g6gm
KINÉSITHÉRAPEUTES,jPM73iTHDgVSbvlvwttEozwNIXJ3,Soins à domicile ,,Affiche,2023-04-15T08:44:02.547860,kkjvZAJtoLaxiVNDU2VG,65000,2023-04-15T08:45:45.990590,euUEH0vJAUj1gPn5fnKS,,Body massage (soin à la fois relaxant et thérapeutique).,,eOl1l1Abvz8xoq5ABwtt
Architectes,ZYJmkeL88LUSiU0CecsEVLIbKbg2,DPLX SH 01,,Affiche,2023-05-16T10:56:54.583890,m9efa6bdwh24az6SlL9K,45000000,2023-09-21T16:16:14.122569,f09GDGHN3aUHJSr7Co1O,,duplex de 160 M2 de type T3 haut standing,https://firebasestorage.googleapis.com/v0/b/dhoola-4b710.appspot.com/o/services%2FServicesf09GDGHN3aUHJSr7Co1O.jpg?alt=media&token=e2cd6197-d944-486d-bc56-a82e5534133e,NMm07ka3XBMO7S0N6T7y
Alimentaire ,11gwRhxyjDXP8bToBSnEbAXzfR62,Huile pimentée ,,Affiche,2024-06-10T13:46:27.857149,YJPGNNffL2VFqwmdoFFG,1300,2024-06-11T15:38:29.687829,fjXOp6rXc4rfYZQtJGdx,,"Huile piquante Prête à consommer
Piment +Oignons+huile Mayor",https://firebasestorage.googleapis.com/v0/b/dhoola-4b710.appspot.com/o/services%2FServicesfjXOp6rXc4rfYZQtJGdx.jpg?alt=media&token=88214346-36b8-48b0-a603-335fcd3e36af,H1rNSqdq9p7Ptonzir0W
Alimentaire ,KL6xWV3btNYHA7neLDAODGhWGNj2,Curcuma ,,Affiche,2023-09-19T17:51:22.828860,YJPGNNffL2VFqwmdoFFG,2500,2023-09-21T14:48:18.628914,fjp7KG38izzqOrpV5Yhc,,Poudre de curcuma ,https://firebasestorage.googleapis.com/v0/b/dhoola-4b710.appspot.com/o/services%2FServicesfjp7KG38izzqOrpV5Yhc.jpg?alt=media&token=83c3bf77-e01e-4ae4-ac77-2752573bf2a5,H1rNSqdq9p7Ptonzir0W
Opticiens,ZYoHL3CBjsYenIpFVHHcF6oBjym2,planet Optic,,Affiche,2023-04-11T11:29:31.888903,hdJuxY3tWmuZySExmVKs,5000,2023-09-21T16:07:06.655530,g2ATOmZjVI8LVNnrYVNr,,examen de vue.,,eOl1l1Abvz8xoq5ABwtt
Salons d'esthétique,4OU8k1M6xDaTwc4nbaCoRBE96wt1,soins du visage ,,Affiche,2024-05-24T07:51:37.424464,RF0Gh7aSA6hQiQ4ltqoX,35000,2024-05-24T07:51:38.176526,gg9s0TNvHhDkPte6yQZ8,,soins hydrafacial ,,fNm6RTc6SfFtjJ73hnTx
MÉDECINS & DENTISTES,bKqHDmwn88ZRIWJfIBrzjllY6FP2,CHIRURGIE DENTAIRE,,Affiche,2023-09-22T17:58:33.216121,C3frxp2RDJ2quWKc9mqN,40000,2023-09-22T19:15:37.364619,gzVvRTJTNqdfGvp8hV7R,,Extraction dents de sagesses ,https://firebasestorage.googleapis.com/v0/b/dhoola-4b710.appspot.com/o/services%2FServicesgzVvRTJTNqdfGvp8hV7R.jpg?alt=media&token=69f65039-bad3-4c72-a90a-6a799539179f,eOl1l1Abvz8xoq5ABwtt
Alimentaire ,dOejW7bfDveOviZE3toZ1V9iBND2,sucre ,,Affiche,2023-10-13T11:32:30.362756,YJPGNNffL2VFqwmdoFFG,9000,2023-10-13T11:50:51.971936,hIVGVGOYvpVvCOG4uvRW,,"Sucre en poudre 1kg*12 (carton)
",https://firebasestorage.googleapis.com/v0/b/dhoola-4b710.appspot.com/o/services%2FServiceshIVGVGOYvpVvCOG4uvRW.jpg?alt=media&token=847fe88f-09c2-4f61-a131-e5cd76ce7b64,H1rNSqdq9p7Ptonzir0W
Salons d'esthétique,NB0X9FrKDRSGQJGnee7LaBDKCbM2,Massage,,Affiche,2023-05-03T12:11:56.535060,RF0Gh7aSA6hQiQ4ltqoX,20000,2023-09-21T16:27:54.675369,hZXlXjg5KXBfvJ7jVjlh,,Massage 1 heure ,,fNm6RTc6SfFtjJ73hnTx
LABORATOIRES,cXO5RL7OGCXdQ2ad1tZZEXmb4vr2,Pack Femme Enceinte ,,Affiche,2023-10-03T13:47:18.608631,XSMZkpA4YsDjsAB94SWu,92500,2023-10-03T13:48:14.895798,hrYvQsFwSjNTUefKKTEg,,Ensemble d'examens à faire pour le suivi d'une grossesse ,https://firebasestorage.googleapis.com/v0/b/dhoola-4b710.appspot.com/o/services%2FServiceshrYvQsFwSjNTUefKKTEg.jpg?alt=media&token=8d2b9ab0-3b32-4c23-bc02-fccc6e720fa8,eOl1l1Abvz8xoq5ABwtt
SERVICES DIVERS,l49kJrXNLwUnd6iMMXHwhL9RxY43,SERVICE ÉVENTUEL,,Affiche,2024-01-26T12:40:20.635626,3wdruIJ01ALCZxosRmpU,10000,2024-01-28T20:58:35.604912,iGJhju7ZRuzxJAKfwKq0,,"ENTRETIEN EXTÉRIEUR
(1 Soirée)",https://firebasestorage.googleapis.com/v0/b/dhoola-4b710.appspot.com/o/services%2FServicesiGJhju7ZRuzxJAKfwKq0.jpg?alt=media&token=663e7cd3-01f2-482e-834a-e035c4b33ceb,tT8yKDzWw4zoQtl2g6gm
Tout dans l'événementiel,OiO8Jefyu6XfPJwYNRMpqVea1A03,shooting photo ,,Affiche,2023-06-01T14:21:33.620125,KZyZa9pEBuGrFOp4Vweq,10000,2024-06-03T17:28:16.243711,iHi9O42uHjraas9smwpa,,nous vous faisons vos shooting professionnel au studio ou ex,,R3XawjusHQ57Mla9yIcm
Salons d'esthétique,4OU8k1M6xDaTwc4nbaCoRBE96wt1,regard ,,Affiche,2024-05-24T07:48:46.617637,RF0Gh7aSA6hQiQ4ltqoX,3000,2024-05-24T07:48:46.920745,iNUVsRBloPlnY1DYvFD3,,épilation pince ,,fNm6RTc6SfFtjJ73hnTx
Alimentaire ,KQXNz7BhnAe3r6JOjzxqihdoUyG3,livraison a domicile,,Affiche,2023-12-19T18:09:58.976949,YJPGNNffL2VFqwmdoFFG,5000,2023-12-19T18:09:59.397761,jYUbnVAHgt8OHzSQTK21,,transport du colis jusqu'au domicile du client dans la ville,,H1rNSqdq9p7Ptonzir0W
SERVICES DIVERS,uXnnBb0D5yZiOrroCy3JCZ6FxPR2,Parure Shirley ,,Affiche,2024-05-19T00:28:40.928173,3wdruIJ01ALCZxosRmpU,20000,2024-05-19T00:31:52.357221,k0KeLa9AYfiW9Q4YfkD9,,"Argent rhodié 925
Vraies perles_de_culture 
Ne change pas",https://firebasestorage.googleapis.com/v0/b/dhoola-4b710.appspot.com/o/services%2FServicesk0KeLa9AYfiW9Q4YfkD9.jpg?alt=media&token=23d02b99-1c6a-4c85-8419-6f1358243225,tT8yKDzWw4zoQtl2g6gm
ALIMENTAIRE ,YznkBmM43XWsblfnqoi5jwlgdck1,Box de 08 cookies,,Affiche,2024-07-03T17:14:11.901342,YJPGNNffL2VFqwmdoFFG,8000,2024-07-03T17:16:19.406563,k4V6qYL06UCl6MN44C30,,"Box de 08 cookies, avec une carte ",https://firebasestorage.googleapis.com/v0/b/dhoola-4b710.appspot.com/o/services%2FServicesk4V6qYL06UCl6MN44C30.jpg?alt=media&token=7215e2c1-8d2b-47f6-857f-855dba2c5c8c,H1rNSqdq9p7Ptonzir0W
SERVICES DIVERS,uXnnBb0D5yZiOrroCy3JCZ6FxPR2,Boucles d'oreilles Sheena ,,Affiche,2024-05-18T23:32:37.690647,3wdruIJ01ALCZxosRmpU,13000,2024-05-18T23:35:49.988034,kZIzH8lziy0VaVBDlQ5k,,"Demi-Creoles
Argent925-rhodié 
CubicZirconia 
N'irrite pas ",https://firebasestorage.googleapis.com/v0/b/dhoola-4b710.appspot.com/o/services%2FServiceskZIzH8lziy0VaVBDlQ5k.jpg?alt=media&token=2eed10b4-a883-45d5-8195-00ddbeff7587,tT8yKDzWw4zoQtl2g6gm
SALONS DE COIFFURE,BzDA4Bq79ofqZsDOplwQYIyeTwH2,Package Coiffure Booster,,Affiche,2023-11-04T13:04:50.846446,6rpkh8W5T2XyNQbvuCPd,15000,2023-11-10T14:06:41.267890,lFKwTXOxmbjYRwahV5ZC,,Soin réparateur + Coiffure sans rajouts,https://firebasestorage.googleapis.com/v0/b/dhoola-4b710.appspot.com/o/services%2FServiceslFKwTXOxmbjYRwahV5ZC.jpg?alt=media&token=5b5e5656-0389-4fb4-ac6d-e8a24674e3e2,fNm6RTc6SfFtjJ73hnTx
Services traiteurs,lyhs4mibhVZJQnmsWKgmmulgZXv2,pièces montées pour anniversaire,,Affiche,2023-04-04T13:23:01.516533,JnzHTPdXIKHZfSHEBZi2,100000,2023-09-21T15:02:39.952975,lZU5WBNVVX19bjtI8pP7,,plusieurs gâteaux magiquement montés pour vos anniversaires,,R3XawjusHQ57Mla9yIcm
Salons d'esthétique,G4uE8F24qFbzbckOuVFng9NtCCK2,extension de cils ,,Affiche,2023-06-14T12:53:07.924849,RF0Gh7aSA6hQiQ4ltqoX,20000,2023-09-21T16:27:54.675500,lf9vBjip8o0HHco2XgXO,,Extension de cils selon le remplissage avec lentille ,https://firebasestorage.googleapis.com/v0/b/dhoola-4b710.appspot.com/o/services%2FServiceslf9vBjip8o0HHco2XgXO.jpg?alt=media&token=206d76f6-ce78-4fde-bc1a-e515d6990b25,fNm6RTc6SfFtjJ73hnTx
Tout dans l'événementiel,lyhs4mibhVZJQnmsWKgmmulgZXv2,paquets surprises,,Affiche,2023-04-04T12:35:28.433763,KZyZa9pEBuGrFOp4Vweq,100000,2024-06-03T17:28:16.243898,ltdwiBTkSCjUOs5s762A,,faites plaisir à vos proches avec des paquets surprises,,R3XawjusHQ57Mla9yIcm
SERVICES DIVERS,uXnnBb0D5yZiOrroCy3JCZ6FxPR2,Parure Danica ,,Affiche,2024-05-19T00:22:12.958393,3wdruIJ01ALCZxosRmpU,36000,2024-05-19T00:25:39.819663,m8IBYdedbBcclhYSVjIv,,"Argent925-rhodié 
Vraies Perles_de_culture 
Ne change pas",https://firebasestorage.googleapis.com/v0/b/dhoola-4b710.appspot.com/o/services%2FServicesm8IBYdedbBcclhYSVjIv.jpg?alt=media&token=c6ee77cd-c9f0-4338-8b7f-8373537cacbc,tT8yKDzWw4zoQtl2g6gm
Salons d'esthétique,4OU8k1M6xDaTwc4nbaCoRBE96wt1,soins corporels ,,Affiche,2024-05-24T07:35:11.610220,RF0Gh7aSA6hQiQ4ltqoX,10000,2024-05-24T07:35:11.956346,mOWCxPnjVzRvcMwG3288,,gommage classique ,,fNm6RTc6SfFtjJ73hnTx
Salons d'esthétique,4OU8k1M6xDaTwc4nbaCoRBE96wt1,regard ,,Affiche,2024-05-24T07:48:15.005488,RF0Gh7aSA6hQiQ4ltqoX,5000,2024-05-24T07:48:16.567921,mU24EbQjjEWzXiKjoS3s,,épilation au fil ,,fNm6RTc6SfFtjJ73hnTx
SERVICES DIVERS,uXnnBb0D5yZiOrroCy3JCZ6FxPR2,Parure Lightly ,,Affiche,2024-05-19T00:40:36.292258,3wdruIJ01ALCZxosRmpU,30000,2024-05-19T00:45:55.808990,mW1FdDT9NHYUCX4LziL6,,"Vraies perles_de_culture 
Argent925-rhodié 
Ne Change pas ",https://firebasestorage.googleapis.com/v0/b/dhoola-4b710.appspot.com/o/services%2FServicesmW1FdDT9NHYUCX4LziL6.jpg?alt=media&token=9c10cd48-f2ac-42db-a326-59bab602746e,tT8yKDzWw4zoQtl2g6gm
SERVICES DIVERS,uXnnBb0D5yZiOrroCy3JCZ6FxPR2,Boucles d'oreilles Ballerina,,Affiche,2024-05-18T23:44:42.847628,3wdruIJ01ALCZxosRmpU,10000,2024-06-02T19:04:24.358449,misMNGWur2BwNEDmqWiy,,"Pour Fillettes 
Argent925-rhodié 
CubicZirconia 
N'irrite pa",https://firebasestorage.googleapis.com/v0/b/dhoola-4b710.appspot.com/o/services%2FServicesmisMNGWur2BwNEDmqWiy.jpg?alt=media&token=836cd81f-8cc1-4e95-8d76-129ca1bb88c5,tT8yKDzWw4zoQtl2g6gm
Alimentaire ,xZDi4UFLHvY6uriFTcJL3UVHtb23,mbongo'o de varan ,,Affiche,2023-10-20T19:02:34.239419,YJPGNNffL2VFqwmdoFFG,2500,2023-10-20T19:03:24.512489,n5PxYzTMOwVwJsFgrKBm,,mbongo'o de varan accompagné de plantain manioc ou macabo ,https://firebasestorage.googleapis.com/v0/b/dhoola-4b710.appspot.com/o/services%2FServicesn5PxYzTMOwVwJsFgrKBm.jpg?alt=media&token=597d4c73-29a1-4177-90e9-1e4bd765be5d,H1rNSqdq9p7Ptonzir0W
Salons d'esthétique,4OU8k1M6xDaTwc4nbaCoRBE96wt1,le regard ,,Affiche,2024-05-24T07:39:52.795521,RF0Gh7aSA6hQiQ4ltqoX,20000,2024-05-24T07:39:53.129593,n5TubjmxE08ismidr1ul,,extension cils à cils ,,fNm6RTc6SfFtjJ73hnTx
INFO-COM,Tlrhkqe7OcYuLE8Zr3wZ7WSTTnj1,Conseil Webpage,,Affiche,2023-10-11T08:54:05.139295,I6AWdAj1WnDyzCVW312E,1200,2024-01-16T19:48:56.006885,nj5IlEEXQBewpgyDkVgk,,Conseil sur l'établissement d'un site internet,https://firebasestorage.googleapis.com/v0/b/dhoola-4b710.appspot.com/o/services%2FServicesnj5IlEEXQBewpgyDkVgk.jpg?alt=media&token=ed158f86-3d32-43ec-9cc1-b700f28c8d56,tT8yKDzWw4zoQtl2g6gm
ALIMENTAIRE ,dOejW7bfDveOviZE3toZ1V9iBND2,Savon ,,Affiche,2023-10-13T17:28:56.971840,YJPGNNffL2VFqwmdoFFG,20500,2023-10-13T17:31:42.649989,njwApzT0unRR87kiuUE6,,Savon azur 400g*60,https://firebasestorage.googleapis.com/v0/b/dhoola-4b710.appspot.com/o/services%2FServicesnjwApzT0unRR87kiuUE6.jpg?alt=media&token=17fbcb4c-d191-4aef-bb5c-ea553a1428e1,H1rNSqdq9p7Ptonzir0W
SERVICES DIVERS,uXnnBb0D5yZiOrroCy3JCZ6FxPR2,Parure Lady ,,Affiche,2024-05-19T00:33:02.512509,3wdruIJ01ALCZxosRmpU,50000,2024-05-19T00:35:37.363532,o5CMPrNDBM5382OwFErB,,"Vraies perles_de_culture 
Argent925-rhodié(fermoir)",https://firebasestorage.googleapis.com/v0/b/dhoola-4b710.appspot.com/o/services%2FServiceso5CMPrNDBM5382OwFErB.jpg?alt=media&token=d3856d62-76ad-4837-8145-a340519d572d,tT8yKDzWw4zoQtl2g6gm
Alimentaire ,YznkBmM43XWsblfnqoi5jwlgdck1,Box de 06 cookies,,Affiche,2024-07-03T17:14:41.719151,YJPGNNffL2VFqwmdoFFG,6000,2024-07-03T17:16:47.909724,o5sYIceuUldyjtXqlnis,,"Box de 06 cookies, avec une carte ",https://firebasestorage.googleapis.com/v0/b/dhoola-4b710.appspot.com/o/services%2FServiceso5sYIceuUldyjtXqlnis.jpg?alt=media&token=ad0b6a77-00fe-4616-a5c8-7ec6ccec4860,H1rNSqdq9p7Ptonzir0W
Salons d'esthétique,G4uE8F24qFbzbckOuVFng9NtCCK2,Prestations de maquillage mariés ,,Affiche,2023-06-14T12:50:07.709523,RF0Gh7aSA6hQiQ4ltqoX,40000,2023-09-21T16:27:54.675601,pYs08F94FCpwH26EuXdV,,prestations de maquillage mariés avec cils au choix ,https://firebasestorage.googleapis.com/v0/b/dhoola-4b710.appspot.com/o/services%2FServicespYs08F94FCpwH26EuXdV.jpg?alt=media&token=4e234dbb-e837-4b71-98d0-6cebab1aa23b,fNm6RTc6SfFtjJ73hnTx
Tout dans l'événementiel,k9HoA4ybFbWY7pKjPBr64ynQhMn2,cadeaux surprises ,,Affiche,2023-04-03T21:23:21.882844,KZyZa9pEBuGrFOp4Vweq,25000,2024-06-03T17:28:16.244108,ppTAGMo9ZOvsBcebA4JF,,Confection de panier surprise à offrir à une personne chere😍,https://firebasestorage.googleapis.com/v0/b/dhoola-4b710.appspot.com/o/services%2FServicesppTAGMo9ZOvsBcebA4JF.jpg?alt=media&token=d6333faf-128b-4fe0-bd04-5b9e4c5309c9,R3XawjusHQ57Mla9yIcm
AMEUBLEMENT,MlgTbtQKnYRhNuyouktWCER8hpC3,cuisine américaines ,,Affiche,2024-04-24T14:11:12.860163,xrIvvNLPdmEa5LGyevNf,500000,2024-04-24T14:27:48.140539,q7LpHMI2rx84emrZHs6O,,Conceptions realisations décoration de vos meubles intérieur,https://firebasestorage.googleapis.com/v0/b/dhoola-4b710.appspot.com/o/services%2FServicesq7LpHMI2rx84emrZHs6O.jpg?alt=media&token=ae0437d0-e06e-4e9c-8915-6ad95742417e,NMm07ka3XBMO7S0N6T7y
Architectes,4uRghEa0SiYGdaoZatz2ryKEevs1,cabinet d'architecture ,,Affiche,2023-05-15T20:06:05.732937,m9efa6bdwh24az6SlL9K,000000,2023-09-21T16:16:14.122886,q9L1EDaiMxGZVs9bC2FM,,études architecturales et techniques (conception et suivi),,NMm07ka3XBMO7S0N6T7y
SERVICES TRAITEURS,9WrnILEzSLhu8iMmoMQxhkBhTDd2,Marmites chauffantes ,,Affiche,2023-12-06T15:47:40.261455,JnzHTPdXIKHZfSHEBZi2,250000,2023-12-06T15:50:07.453673,qEQhk8dCPOlEaSHKvcDn,,(100pces*2500) Marmites chauffantes,,R3XawjusHQ57Mla9yIcm
Salons d'esthétique,QngL02SxlmNaCVZS1677HBg6lEX2,Hammam ,,Affiche,2023-04-24T11:07:37.797331,RF0Gh7aSA6hQiQ4ltqoX,10000,2023-09-21T16:27:54.675718,qFE8DIoKTvKJFX5PWw2C,,"Bain de vapeur chaud, humide qui nettoie et purifie la peau ",,fNm6RTc6SfFtjJ73hnTx
Salons d'esthétique,4OU8k1M6xDaTwc4nbaCoRBE96wt1,soins corporels ,,Affiche,2024-05-24T07:35:46.435234,RF0Gh7aSA6hQiQ4ltqoX,15000,2024-05-24T07:35:46.773800,qG1LiW1xTEhlvakND3xw,,gommage éclat ,,fNm6RTc6SfFtjJ73hnTx
Salons d'esthétique,4OU8k1M6xDaTwc4nbaCoRBE96wt1,soins visage ,,Affiche,2024-05-24T07:52:49.041061,RF0Gh7aSA6hQiQ4ltqoX,2500,2024-05-24T07:52:49.854,qKCDIX6Hin3sL0NifYMt,,option masque papier ,,fNm6RTc6SfFtjJ73hnTx
Médecins & Dentistes,5RcdNmpvhHNW1y5jWT4lARWvMvA2,Circoncision ,,Affiche,2023-10-07T12:59:34.622078,C3frxp2RDJ2quWKc9mqN,20000,2023-10-07T12:59:35.282252,qKMNXK4qGUDk7PCyQdqM,,Circoncision chirurgicale chez les enfants ,,eOl1l1Abvz8xoq5ABwtt
SERVICES DIVERS,l49kJrXNLwUnd6iMMXHwhL9RxY43,SERVICE A LA PERSONNE,,Affiche,2024-01-26T12:45:07.732752,3wdruIJ01ALCZxosRmpU,5000,2024-01-28T20:25:02.680405,r5rZhZgJDpvhKouQKcnj,,"GARDE D'ENFANTS
(8 heures de garde)",https://firebasestorage.googleapis.com/v0/b/dhoola-4b710.appspot.com/o/services%2FServicesr5rZhZgJDpvhKouQKcnj.jpg?alt=media&token=3fbffbd3-cad3-424b-9297-50e9ce1d352c,tT8yKDzWw4zoQtl2g6gm
CLINIQUES,ydHIOCbDC8fn6aPwEVqszjXHSRk2,MedAssist 2,,Affiche,2024-02-19T18:33:03.073033,jWwIcd1tNfkAaJo62njO,1300000,2024-02-19T18:34:52.632215,rNbyuXow6oYhLobHpcLY,,Soins à domicile et suivi médical hebdomadaire,https://firebasestorage.googleapis.com/v0/b/dhoola-4b710.appspot.com/o/services%2FServicesrNbyuXow6oYhLobHpcLY.jpg?alt=media&token=5cd97d5d-090b-4e3d-873d-42184036164b,eOl1l1Abvz8xoq5ABwtt
Architectes,a2fgrRlUmdUpM7Y45ApUrvjnpTk2,Gestion du changement ,,Affiche,2024-02-09T13:53:53.296675,m9efa6bdwh24az6SlL9K,500000,2024-02-09T13:53:53.932229,rs7br2KlyZ3NgQgZNcQg,,Élaboration de plans de gestion du chantier ,,NMm07ka3XBMO7S0N6T7y
Services divers,TFCnSLH5dVabxpq36iEALmmsVgn1,Livraison à Douala,,Affiche,2024-02-06T09:13:32.677508,3wdruIJ01ALCZxosRmpU,2500,2024-02-06T09:13:32.872001,rycZKqCuvCsaRvbiU3E9,,Livraison dans la ville de Douala ,,tT8yKDzWw4zoQtl2g6gm
INFO-COM,tFpgYukxk8bwyCJx1ZcLLLmD0252,Réseaux sociaux ,,Affiche,2024-04-01T18:05:41.655473,I6AWdAj1WnDyzCVW312E,30000,2024-04-15T14:53:37.158210,rypF3iXH2DoylwD6SXF3,,Creation de templates ,https://firebasestorage.googleapis.com/v0/b/dhoola-4b710.appspot.com/o/services%2FServicesrypF3iXH2DoylwD6SXF3.jpg?alt=media&token=ce71504e-99f3-4d45-b3e4-6b809b5f0f98,tT8yKDzWw4zoQtl2g6gm
Salons d'esthétique,4OU8k1M6xDaTwc4nbaCoRBE96wt1,regard ,,Affiche,2024-05-24T07:43:04.926396,RF0Gh7aSA6hQiQ4ltqoX,35000,2024-05-24T07:43:05.255687,sFlODbMTzGkK1aM9DFEw,,make up mariées ,,fNm6RTc6SfFtjJ73hnTx
Info-Com,rXSW1kty8qZut1g4Mi0kMoFS6mu2,vidéosurveillance,,Affiche,2023-10-18T19:10:01.528077,I6AWdAj1WnDyzCVW312E,230000,2023-10-18T19:10:02.084043,sUCsp8M7kVeoEDv1Zg2h,,"devis, installation et maintenance des vidéosurveillance: 4 ",,tT8yKDzWw4zoQtl2g6gm
SERVICES DIVERS,uXnnBb0D5yZiOrroCy3JCZ6FxPR2,Parure Ballerina,,Affiche,2024-05-19T00:14:58.665789,3wdruIJ01ALCZxosRmpU,20000,2024-05-19T00:17:26.688336,sapUuPm9s523LwIswze2,,"Pour Fillettes 
Argent925-rhodié 
Ne change pas 
N'irrite pa",https://firebasestorage.googleapis.com/v0/b/dhoola-4b710.appspot.com/o/services%2FServicessapUuPm9s523LwIswze2.jpg?alt=media&token=c78f194e-978d-4fd4-a489-2d2fa72f9d9d,tT8yKDzWw4zoQtl2g6gm
Écoles primaires & maternelles,H9H3rbI1OlcUALvCLe2nbACUBBY2,Couverture livres,,Affiche,2024-07-17T17:19:06.591776,PZUjDYMnd7MdNZZFQ07C,6000,2024-07-17T17:19:33.921266,syzSTCLNRNKyrzcJI0bO,H9H3rbI1OlcUALvCLe2nbACUBBY2,Couverture de tous les livres au programme ,https://firebasestorage.googleapis.com/v0/b/dhoola-4b710.appspot.com/o/services%2FServicessyzSTCLNRNKyrzcJI0bO.jpg?alt=media&token=0767ea16-bf73-4632-aa8e-710a9ac8cffb,48Oxzwdhu2crSuSb9jyD
ALIMENTAIRE ,YznkBmM43XWsblfnqoi5jwlgdck1,Box de 10 cookies 🍪 ,,Affiche,2024-07-03T17:11:42.408554,YJPGNNffL2VFqwmdoFFG,10000,2024-07-03T17:17:24.313691,t0MVcPomg30ixAEfrm9P,,"Box de 10 cookies, avec une carte ",https://firebasestorage.googleapis.com/v0/b/dhoola-4b710.appspot.com/o/services%2FServicest0MVcPomg30ixAEfrm9P.jpg?alt=media&token=289cd06f-aeab-4f71-8a47-59f4515cc890,H1rNSqdq9p7Ptonzir0W
SERVICES DIVERS,uXnnBb0D5yZiOrroCy3JCZ6FxPR2,Parure Culby ,,Affiche,2024-05-19T00:03:42.560828,3wdruIJ01ALCZxosRmpU,22000,2024-05-19T00:23:20.539993,tdoxavztYMCCs9FKrDSj,,"Pour Fillettes 
Argent925-rhodié 
Enamel ",https://firebasestorage.googleapis.com/v0/b/dhoola-4b710.appspot.com/o/services%2FServicestdoxavztYMCCs9FKrDSj.jpg?alt=media&token=a603e341-6d6f-4b75-8279-5f34afd6e6cc,tT8yKDzWw4zoQtl2g6gm
Salons d'esthétique,utuqLNy1UuZLgy5eK33EeFqk4Fb2,crème de formes,,Affiche,2023-04-10T19:35:14.891715,RF0Gh7aSA6hQiQ4ltqoX,10000,2023-09-21T16:27:54.675810,uNM8m4ilmOfr5anp3Ofc,,une crème qui vous donnes les formes de vos rêves,,fNm6RTc6SfFtjJ73hnTx
Universités,H9H3rbI1OlcUALvCLe2nbACUBBY2,Manuels scolaires,,Affiche,2024-07-22T18:48:02.614742,DbgjnYkafnpM6OubiPf3,56000,2024-07-22T18:48:02.614778,uRlN2YHPI5Gzp4698zyc,H9H3rbI1OlcUALvCLe2nbACUBBY2,Section francophone ,,48Oxzwdhu2crSuSb9jyD
SERVICES DIVERS,uXnnBb0D5yZiOrroCy3JCZ6FxPR2,Parure Smileys ,,Affiche,2024-05-18T23:52:27.214593,3wdruIJ01ALCZxosRmpU,16000,2024-05-18T23:54:44.267333,ujhE8fmJpNtMrQqUCgHq,,"Pour Fillettes
Argent925-rhodié 
Enamel ",https://firebasestorage.googleapis.com/v0/b/dhoola-4b710.appspot.com/o/services%2FServicesujhE8fmJpNtMrQqUCgHq.jpg?alt=media&token=ede0ef6d-fb50-4bf8-a594-904b498b3fc2,tT8yKDzWw4zoQtl2g6gm
Écoles primaires & maternelles,H9H3rbI1OlcUALvCLe2nbACUBBY2,Trousse scolaire ,,Affiche,2024-07-17T17:21:13.426654,PZUjDYMnd7MdNZZFQ07C,2500,2024-07-17T17:21:25.765770,uycDWS6XQcgjqSX5VuO1,H9H3rbI1OlcUALvCLe2nbACUBBY2,"Équerre, rapporteur, compas, crayons, stylos, gommes",https://firebasestorage.googleapis.com/v0/b/dhoola-4b710.appspot.com/o/services%2FServicesuycDWS6XQcgjqSX5VuO1.jpg?alt=media&token=2ef4afdf-55da-457e-9293-8a3854b54c6c,48Oxzwdhu2crSuSb9jyD
Avocats & Notaires,mqSdXpFoNQPFGrb9uCjznhBEf3Z2,prestations juridiques,,Affiche,2023-09-08T19:06:42.912670,wRknLouXo7dk7IMavsQ8,500000,2023-09-21T17:02:33.075404,v5IXWg3X5IiCwWelOAPz,,gestion des contentieux et procédures immobilières,,uYQhDPTqxbOSjzxNOimn
Salons d'esthétique,QngL02SxlmNaCVZS1677HBg6lEX2,"Massage (relaxant, pierres chaudes...)",,Affiche,2023-04-24T11:15:27.048212,RF0Gh7aSA6hQiQ4ltqoX,15000,2023-09-21T16:27:54.675893,vWdqChIiCr8egnzfBthA,,"Soin permettant de détendre les os, améliorer le bien être",,fNm6RTc6SfFtjJ73hnTx
SERVICES DIVERS,uXnnBb0D5yZiOrroCy3JCZ6FxPR2,Parure Princia,,Affiche,2024-05-18T23:48:41.698273,3wdruIJ01ALCZxosRmpU,16000,2024-05-18T23:52:26.259677,vZCZueVnEuXlqD5kolrT,,"Pour Fillettes
Argent925-rhodié 
Enamel ",https://firebasestorage.googleapis.com/v0/b/dhoola-4b710.appspot.com/o/services%2FServicesvZCZueVnEuXlqD5kolrT.jpg?alt=media&token=e596a604-cd09-47a3-aa97-925a29147099,tT8yKDzWw4zoQtl2g6gm
Services traiteurs,lyhs4mibhVZJQnmsWKgmmulgZXv2,anniversaire,,Affiche,2023-04-04T12:32:11.334533,JnzHTPdXIKHZfSHEBZi2,30000,2023-09-21T15:02:39.953484,vwgwb3hsUrry6SkSMWkR,,gâteaux délicieux pour nos amours,,R3XawjusHQ57Mla9yIcm
Salons d'esthétique,QngL02SxlmNaCVZS1677HBg6lEX2,Gommage ,,Affiche,2023-04-24T11:09:23.396272,RF0Gh7aSA6hQiQ4ltqoX,10000,2023-09-21T16:27:54.675990,vybtwYMr7sIJU8evU8RV,,Soin permettant de débarrasser la peau de ses impuretés ,,fNm6RTc6SfFtjJ73hnTx
Salons de coiffure,G4uE8F24qFbzbckOuVFng9NtCCK2,coiffure ,,Affiche,2023-06-14T12:57:36.476928,6rpkh8W5T2XyNQbvuCPd,5000,2023-09-21T16:41:08.772780,wGGaOyGBd12Xw5P79bcT,,Coiffure avec déplacement possible ,https://firebasestorage.googleapis.com/v0/b/dhoola-4b710.appspot.com/o/services%2FServiceswGGaOyGBd12Xw5P79bcT.jpg?alt=media&token=aec8a025-59f8-427a-b6ee-fcb5a31b8c3a,fNm6RTc6SfFtjJ73hnTx
AMEUBLEMENT,Ufbq6uDgbrh1edZcb3VJHY7nIo62,chambre américaine ,,Affiche,2023-11-14T13:28:07.238008,xrIvvNLPdmEa5LGyevNf,40000,2023-11-14T16:26:11.403944,wJ7MIqTXWFEQQjowN9IX,,chambre entièrement équipée (la journée),https://firebasestorage.googleapis.com/v0/b/dhoola-4b710.appspot.com/o/services%2FServiceswJ7MIqTXWFEQQjowN9IX.jpg?alt=media&token=b40b3c93-49a5-4d70-8587-00ffed5da4a8,NMm07ka3XBMO7S0N6T7y
SERVICES DIVERS,uXnnBb0D5yZiOrroCy3JCZ6FxPR2,Bracelet Candy,,Affiche,2024-05-18T23:55:01.612782,3wdruIJ01ALCZxosRmpU,18000,2024-05-18T23:58:46.992410,wUAPAznssEZfoBgBKQqo,,"Pour Fillettes
Argent925-rhodié 
Enamel ",https://firebasestorage.googleapis.com/v0/b/dhoola-4b710.appspot.com/o/services%2FServiceswUAPAznssEZfoBgBKQqo.jpg?alt=media&token=bd670a28-655d-4fca-8916-3ae7e4819140,tT8yKDzWw4zoQtl2g6gm
Médecins & Dentistes,8csk9oamgnRpOQOjvntjGabvwNh1,consultation médicale a domiclle,,Affiche,2023-11-11T11:43:03.065996,C3frxp2RDJ2quWKc9mqN,15000,2023-11-11T11:43:03.630973,wrWQsYzI97PTaps1EG04,,"consultation, examen et évaluation à domicile ",,eOl1l1Abvz8xoq5ABwtt
SERVICES DIVERS,uXnnBb0D5yZiOrroCy3JCZ6FxPR2,Collier Crystal ,,Affiche,2024-05-18T23:24:03.694794,3wdruIJ01ALCZxosRmpU,19000,2024-05-18T23:27:34.227664,x4mF7QJ7OTv4UKcBUthZ,,"Argent925-rhodié 
CubicZirconia 
Ne change pas
Durable",https://firebasestorage.googleapis.com/v0/b/dhoola-4b710.appspot.com/o/services%2FServicesx4mF7QJ7OTv4UKcBUthZ.jpg?alt=media&token=1fb8614c-ee2b-40d1-a064-c659d0544785,tT8yKDzWw4zoQtl2g6gm
Alimentaire ,L2k6Q8chTrMpp4zuSDZuDP5EQmU2,Bon d'achat,,Affiche,2023-10-10T17:03:10.364275,YJPGNNffL2VFqwmdoFFG,20000,2023-10-10T17:03:15.747860,xHhLPuztDjAy9IangCNh,,Bon d'achat d'une valeur de 20000 francs / Non remboursable ,,H1rNSqdq9p7Ptonzir0W
Services traiteurs,uWDbQDOp85MEL1kpVlLaxrwjFbc2,cuisine ,,Affiche,2023-12-01T16:51:48.307318,JnzHTPdXIKHZfSHEBZi2,1000000,2023-12-01T16:51:48.889684,xXOWqQnheF59lQlUGGnm,,"cuisine pour tout type d'événement,mariage,baptême:100 plats",,R3XawjusHQ57Mla9yIcm
Salons d'esthétique,QngL02SxlmNaCVZS1677HBg6lEX2,Manucure ,,Affiche,2023-04-24T11:17:28.448817,RF0Gh7aSA6hQiQ4ltqoX,5000,2023-09-21T16:27:54.676084,y0RMjGKGrl5vVrX7PSc3,,Soin permettant de nettoyer et embellir les mains,,fNm6RTc6SfFtjJ73hnTx
Alimentaire ,11gwRhxyjDXP8bToBSnEbAXzfR62,Mary spices: Ginger/ Gingembre moulu,,Affiche,2024-06-10T13:42:24.364586,YJPGNNffL2VFqwmdoFFG,1000,2024-06-11T15:39:16.836465,yfe1ZVdZK2IsS329PW8S,,"Gingembre Moulu
- 100% pure
-  Assaisonnement et en tisane 
",https://firebasestorage.googleapis.com/v0/b/dhoola-4b710.appspot.com/o/services%2FServicesyfe1ZVdZK2IsS329PW8S.jpg?alt=media&token=cf449d2f-0bfe-4d6b-9d98-a551f5302c1d,H1rNSqdq9p7Ptonzir0W
Tout dans l'événementiel,MqOc124jRTc4TXYOfHlEbTreCSa2,location Prado,,Affiche,2023-06-06T20:50:50.054742,KZyZa9pEBuGrFOp4Vweq,100000,2024-06-03T17:28:16.244491,yiUxyQKdZjrnz6M2FYsA,,location journalière dans la ville et hors ville avec chauff,https://firebasestorage.googleapis.com/v0/b/dhoola-4b710.appspot.com/o/services%2FServicesyiUxyQKdZjrnz6M2FYsA.jpg?alt=media&token=4291b2c1-f101-4d31-ab64-1429b4293cc1,R3XawjusHQ57Mla9yIcm
AMEUBLEMENT,YonCMibRxZa6KyexHXnT1aVhx5h2,Décoration d'intérieur ,,Affiche,2024-03-05T19:42:41.647250,xrIvvNLPdmEa5LGyevNf,50000,2024-03-05T19:43:48.105346,yrSWXXMaDGmo7bJXGjdp,,"Conception
Réalisation 
Conseils
",,NMm07ka3XBMO7S0N6T7y
Info-Com,yJWMRBofrxPmtu0WSRzyfHNoQ5b2,tecno spark 10,,Affiche,2023-10-26T09:32:20.215169,I6AWdAj1WnDyzCVW312E,120000,2023-10-26T09:32:20.914639,z0mL6DwCiuQ5fJvTqrIQ,,tecno SPARK 10 ,,tT8yKDzWw4zoQtl2g6gm
INFO-COM,rggiInctWOZuwxgmVmSPfLc1nx93,serigraphie,,Affiche,2023-11-09T16:55:25.798132,I6AWdAj1WnDyzCVW312E,30000,2023-11-09T17:00:14.177961,z1WmuUHIKaPM6wHKsGod,,achat + flocage (10 pièces) : t-shirt ,https://firebasestorage.googleapis.com/v0/b/dhoola-4b710.appspot.com/o/services%2FServicesz1WmuUHIKaPM6wHKsGod.jpg?alt=media&token=f7d4067c-7593-4d9b-940c-34c1076c7b6c,tT8yKDzWw4zoQtl2g6gm
SALONS D'ESTHÉTIQUE,4OU8k1M6xDaTwc4nbaCoRBE96wt1,soins visage et corps ,,Affiche,2024-05-24T07:26:53.674044,RF0Gh7aSA6hQiQ4ltqoX,30000,2024-05-24T07:28:14.247837,z7tiQ5IrW9jC32BiGPfM,,micro dermabrasion ,,fNm6RTc6SfFtjJ73hnTx
Tout dans l'événementiel,OiO8Jefyu6XfPJwYNRMpqVea1A03,couverture vidéo ,,Affiche,2023-06-01T14:23:04.731276,KZyZa9pEBuGrFOp4Vweq,100000,2024-06-03T17:28:16.244648,zCIEn4V9EQ6D9GO4GL95,," spot, interview, reportage ",,R3XawjusHQ57Mla9yIcm
MÉDECINS & DENTISTES,bKqHDmwn88ZRIWJfIBrzjllY6FP2,PROTHÈSE FIXÉE,,Affiche,2023-09-22T17:51:57.606113,C3frxp2RDJ2quWKc9mqN,200000,2023-09-22T18:46:51.299155,zERK14QPfcn3xdSTNj6F,,Couronne dentaire en métal ,https://firebasestorage.googleapis.com/v0/b/dhoola-4b710.appspot.com/o/services%2FServiceszERK14QPfcn3xdSTNj6F.jpg?alt=media&token=8d305ec2-a162-4c63-abc3-a166c982f3b6,eOl1l1Abvz8xoq5ABwtt
SERVICES DIVERS,l49kJrXNLwUnd6iMMXHwhL9RxY43,SERVICES ÉVÉNEMENTIELS,,Affiche,2024-01-26T12:38:31.980389,3wdruIJ01ALCZxosRmpU,15000,2024-01-28T20:51:32.310701,zk8emxQrZ1W6vYfrFNzl,,"VAISSELLE
Pour 100 Pers.",https://firebasestorage.googleapis.com/v0/b/dhoola-4b710.appspot.com/o/services%2FServiceszk8emxQrZ1W6vYfrFNzl.jpg?alt=media&token=afd5ddd9-d97e-4029-b321-164f6fea1ea9,tT8yKDzWw4zoQtl2g6gm
