prestataireId,time,uid
NB0X9FrKDRSGQJGnee7LaBDKCbM2,1716743392686,AkK9DilFPCOis7c5aImtHk8Ui5m1
hqE5vKCyMLgk6lyAZA6nPkHCZ0A3,1715379243800,z5Vl3tUSRgalHfSho6JFNkpjxpn1
Umh7LmfIORY8FRDnPSUBgCXfSb03,1716031569869,z5Vl3tUSRgalHfSho6JFNkpjxpn1
uXnnBb0D5yZiOrroCy3JCZ6FxPR2,1717616341311,qMHVQGPKvNMdZLX8YnPH29ZYoyG3
Tlrhkqe7OcYuLE8Zr3wZ7WSTTnj1,1715628410626,qMHVQGPKvNMdZLX8YnPH29ZYoyG3
BzDA4Bq79ofqZsDOplwQYIyeTwH2,1716638360307,qMHVQGPKvNMdZLX8YnPH29ZYoyG3
Tlrhkqe7OcYuLE8Zr3wZ7WSTTnj1,1715707224932,z5Vl3tUSRgalHfSho6JFNkpjxpn1
CxjVCo2yjITmre9RHgHt0HdgUb42,1716044308977,qMHVQGPKvNMdZLX8YnPH29ZYoyG3
Tlrhkqe7OcYuLE8Zr3wZ7WSTTnj1,1715538720843,qMHVQGPKvNMdZLX8YnPH29ZYoyG3
VcHCeXzJnQQJemdNO9cAnZtRWWe2,1716792465941,FHqdFsrj4ZYPZL6AvuSUjOHnSiL2
oAz2ND5eAzLQayG311SoavXFqvF3,1717440264029,qMHVQGPKvNMdZLX8YnPH29ZYoyG3
LLvbFhc2xPWpoaBIf2N6uzY6rKF2,1715953508016,qMHVQGPKvNMdZLX8YnPH29ZYoyG3
KL6xWV3btNYHA7neLDAODGhWGNj2,1716799592943,RPS3Z11YiGgEf0wCKcGp6lBu1a02
BzDA4Bq79ofqZsDOplwQYIyeTwH2,1716634782754,qMHVQGPKvNMdZLX8YnPH29ZYoyG3
SAkKII31emg9jsBwKjIM4kk1AAo1,1717612967969,313VQeWKBWVSt90xfJKK0Y803ga2
8L9O6bAMYBedoowZLmVxhIkGr9E2,1717061919366,X5pSoHXR7oa4XH90Mg3huDaWASt1
L2k6Q8chTrMpp4zuSDZuDP5EQmU2,1716584804547,z5Vl3tUSRgalHfSho6JFNkpjxpn1
Tlrhkqe7OcYuLE8Zr3wZ7WSTTnj1,1714650637688,914umpyeZkY5lglo8KGumeZWF002
Tlrhkqe7OcYuLE8Zr3wZ7WSTTnj1,1714830794310,qMHVQGPKvNMdZLX8YnPH29ZYoyG3
bKqHDmwn88ZRIWJfIBrzjllY6FP2,1716132868669,qMHVQGPKvNMdZLX8YnPH29ZYoyG3
aQjGPCNhmDU7rdxaGTo1XXo993h1,1715379232494,z5Vl3tUSRgalHfSho6JFNkpjxpn1
cXO5RL7OGCXdQ2ad1tZZEXmb4vr2,1716465853427,axYHQ2yjnTdwLf6R7eP5LKm82Y53
L9PD9z2zAdeAvFOWhlqqp2aD0193,1717352369970,2Dnk3xqJF6NF4ZJWcA7f2zrlnO13
Tlrhkqe7OcYuLE8Zr3wZ7WSTTnj1,1715960516552,b6aunqCXt4RLfdmcQLxYZR1F6W33
a2fgrRlUmdUpM7Y45ApUrvjnpTk2,1716622143438,qMHVQGPKvNMdZLX8YnPH29ZYoyG3
GNSun0UsCpbCzARwv4EK5xJqiXv2,1716631160965,qMHVQGPKvNMdZLX8YnPH29ZYoyG3
BzDA4Bq79ofqZsDOplwQYIyeTwH2,1716044149467,qMHVQGPKvNMdZLX8YnPH29ZYoyG3
VcHCeXzJnQQJemdNO9cAnZtRWWe2,1716465688686,axYHQ2yjnTdwLf6R7eP5LKm82Y53
NB0X9FrKDRSGQJGnee7LaBDKCbM2,1716742597448,AkK9DilFPCOis7c5aImtHk8Ui5m1
BzDA4Bq79ofqZsDOplwQYIyeTwH2,1716045889431,qMHVQGPKvNMdZLX8YnPH29ZYoyG3
Tlrhkqe7OcYuLE8Zr3wZ7WSTTnj1,1717930098645,z5Vl3tUSRgalHfSho6JFNkpjxpn1
BzDA4Bq79ofqZsDOplwQYIyeTwH2,1716633611149,qMHVQGPKvNMdZLX8YnPH29ZYoyG3
BzDA4Bq79ofqZsDOplwQYIyeTwH2,1716646721658,qMHVQGPKvNMdZLX8YnPH29ZYoyG3
XGTAgI1DsdeZEHRbhmpQDo3PJRr2,1716733440321,m5LXPhXcsVfmlVuGJs7GJiaR18J3
6DzqFENos7TWPBAQYq6DB04O8fC3,1716743181874,AkK9DilFPCOis7c5aImtHk8Ui5m1
litJekBRXVcBVzHy5qLF9J9lSgp2,1715628342056,qMHVQGPKvNMdZLX8YnPH29ZYoyG3
37II1Sv6BTa9EuiP4CEDFwtcZzU2,1717006205283,DFZU3UfzhgRM1sHo3poKO1nioqF2
5RcdNmpvhHNW1y5jWT4lARWvMvA2,1716534700059,NaPJhyyglGO5W5en9C6P4BoUXof2
bKqHDmwn88ZRIWJfIBrzjllY6FP2,1716127493039,qMHVQGPKvNMdZLX8YnPH29ZYoyG3
xZDi4UFLHvY6uriFTcJL3UVHtb23,1716584826343,z5Vl3tUSRgalHfSho6JFNkpjxpn1
9LCV7b4LZdhlrAtFBn9tJzoxu0p2,1716029164337,qMHVQGPKvNMdZLX8YnPH29ZYoyG3
8aAi34rhtLWmXJUBeGdRClWtWqH2,1716106065058,qMHVQGPKvNMdZLX8YnPH29ZYoyG3
Px1wmpnT77OiXkoKZypvrs9YiIa2,1717008869169,qMHVQGPKvNMdZLX8YnPH29ZYoyG3
Tlrhkqe7OcYuLE8Zr3wZ7WSTTnj1,1715764649460,914umpyeZkY5lglo8KGumeZWF002
07UES95arRbqHIZIiS4jQjHQ69P2,1716045107347,87e8FtLhawXUWZ2rR1FXpBZ2Mtz2
8p2T5VzMlmYFmY3Ogh9XxTd134J2,1715462081160,z5Vl3tUSRgalHfSho6JFNkpjxpn1
BzDA4Bq79ofqZsDOplwQYIyeTwH2,1716132981099,qMHVQGPKvNMdZLX8YnPH29ZYoyG3
GNSun0UsCpbCzARwv4EK5xJqiXv2,1717503367615,omfHlCaqhLN7VprUtxb6IsvPNcr2
Tlrhkqe7OcYuLE8Zr3wZ7WSTTnj1,1715353417696,z5Vl3tUSRgalHfSho6JFNkpjxpn1
z3Ww1GDhtCPRCN0IPH5zUSqkpIw1,1716637377869,I6elAlW14FXyawwu9ri0ANirM0x1
j1jWB00cpfQqRcebA5qcsGkPsyX2,1717760005123,313VQeWKBWVSt90xfJKK0Y803ga2
aRZIsvpQPYN4SpROZS8fwVAHGMU2,1716743289673,AkK9DilFPCOis7c5aImtHk8Ui5m1
IilWfGcGMZQxkJQNIkO06oXNPD22,1717616238313,qMHVQGPKvNMdZLX8YnPH29ZYoyG3
lyhs4mibhVZJQnmsWKgmmulgZXv2,1716792236588,FHqdFsrj4ZYPZL6AvuSUjOHnSiL2
99Df4lqeCFeBZc7lLT8Gw5E3cRD2,1716743263438,AkK9DilFPCOis7c5aImtHk8Ui5m1
j1jWB00cpfQqRcebA5qcsGkPsyX2,1717615672973,z5Vl3tUSRgalHfSho6JFNkpjxpn1
LLvbFhc2xPWpoaBIf2N6uzY6rKF2,1716742495327,AkK9DilFPCOis7c5aImtHk8Ui5m1
Tlrhkqe7OcYuLE8Zr3wZ7WSTTnj1,1714828260275,qMHVQGPKvNMdZLX8YnPH29ZYoyG3
kkAhVsxZWaf3iYcfVjZ9hBLhP603,1716742987040,AkK9DilFPCOis7c5aImtHk8Ui5m1
FOZstavGrMZ9kKF4O9NfDrixKpC3,1717008945074,qMHVQGPKvNMdZLX8YnPH29ZYoyG3
6vKFwEf8eMRFjjSNrjJhssgZ15X2,1716037865613,qMHVQGPKvNMdZLX8YnPH29ZYoyG3
Tlrhkqe7OcYuLE8Zr3wZ7WSTTnj1,1716628520708,b6aunqCXt4RLfdmcQLxYZR1F6W33
lyhs4mibhVZJQnmsWKgmmulgZXv2,1715379258389,z5Vl3tUSRgalHfSho6JFNkpjxpn1
ydHIOCbDC8fn6aPwEVqszjXHSRk2,1716036090883,qMHVQGPKvNMdZLX8YnPH29ZYoyG3
Tlrhkqe7OcYuLE8Zr3wZ7WSTTnj1,1715785568607,z5Vl3tUSRgalHfSho6JFNkpjxpn1
YonCMibRxZa6KyexHXnT1aVhx5h2,1715757653438,z5Vl3tUSRgalHfSho6JFNkpjxpn1
cxDNgbdr4IQDKtFMCsEvmuMLjQ52,1716742640972,AkK9DilFPCOis7c5aImtHk8Ui5m1
j1jWB00cpfQqRcebA5qcsGkPsyX2,1717782282098,qMHVQGPKvNMdZLX8YnPH29ZYoyG3
tFpgYukxk8bwyCJx1ZcLLLmD0252,1716698253749,z5Vl3tUSRgalHfSho6JFNkpjxpn1
xZDi4UFLHvY6uriFTcJL3UVHtb23,1716742919517,AkK9DilFPCOis7c5aImtHk8Ui5m1
bixv6Zp7x7XdKHUsfXs62OaY7Yn2,1716029228716,qMHVQGPKvNMdZLX8YnPH29ZYoyG3
Tlrhkqe7OcYuLE8Zr3wZ7WSTTnj1,1716904254372,hA911Hr90KPbY6yO0OACx8tP2NE2
6vKFwEf8eMRFjjSNrjJhssgZ15X2,1716136225180,qMHVQGPKvNMdZLX8YnPH29ZYoyG3
hbh1P93lMqddwYnCd7J0E7fCcvC3,1715878382268,z5Vl3tUSRgalHfSho6JFNkpjxpn1
7M7SLCTcDPfmhxSU0k4E385ucuJ2,1716029242331,qMHVQGPKvNMdZLX8YnPH29ZYoyG3
7M7SLCTcDPfmhxSU0k4E385ucuJ2,1716044795290,qMHVQGPKvNMdZLX8YnPH29ZYoyG3
litJekBRXVcBVzHy5qLF9J9lSgp2,1717930064930,z5Vl3tUSRgalHfSho6JFNkpjxpn1
hbh1P93lMqddwYnCd7J0E7fCcvC3,1715878136407,z5Vl3tUSRgalHfSho6JFNkpjxpn1
fQLGpiCUFeWnMq0GNeKyLakzrVH2,1716115558934,qMHVQGPKvNMdZLX8YnPH29ZYoyG3
Q2MZ5b187UMO3vbNcIu8TtsmCvb2,1716636857135,I6elAlW14FXyawwu9ri0ANirM0x1
ydHIOCbDC8fn6aPwEVqszjXHSRk2,1716056483961,qMHVQGPKvNMdZLX8YnPH29ZYoyG3
Tlrhkqe7OcYuLE8Zr3wZ7WSTTnj1,1714653545135,914umpyeZkY5lglo8KGumeZWF002
mqSdXpFoNQPFGrb9uCjznhBEf3Z2,1716742975897,AkK9DilFPCOis7c5aImtHk8Ui5m1
KQXNz7BhnAe3r6JOjzxqihdoUyG3,1716584784462,z5Vl3tUSRgalHfSho6JFNkpjxpn1
TPxYBNx6Qmazq6p2oBCHKFQBhE62,1716980432646,8H4CV34KQHgrMj1DLy4J2NwlF5e2
NB0X9FrKDRSGQJGnee7LaBDKCbM2,1715953790549,qMHVQGPKvNMdZLX8YnPH29ZYoyG3
LEzafI4ok8XlfLfLYMts9NvBqJG2,1716308359149,qMHVQGPKvNMdZLX8YnPH29ZYoyG3
07UES95arRbqHIZIiS4jQjHQ69P2,1716743179316,AkK9DilFPCOis7c5aImtHk8Ui5m1
LEzafI4ok8XlfLfLYMts9NvBqJG2,1716134077460,GzZT4dNYCbRjK0TBq4Sre4jcYGh1
3tHPPUBOANSMDqii5InDcnJvHeW2,1717612998859,313VQeWKBWVSt90xfJKK0Y803ga2
QngL02SxlmNaCVZS1677HBg6lEX2,1715953816332,qMHVQGPKvNMdZLX8YnPH29ZYoyG3
bixv6Zp7x7XdKHUsfXs62OaY7Yn2,1716034953687,qMHVQGPKvNMdZLX8YnPH29ZYoyG3
oUMThMb3k0cbS0FrrgdsdR2ILb33,1716799550136,RPS3Z11YiGgEf0wCKcGp6lBu1a02
lyhs4mibhVZJQnmsWKgmmulgZXv2,1716743291978,AkK9DilFPCOis7c5aImtHk8Ui5m1
l49kJrXNLwUnd6iMMXHwhL9RxY43,1716812306171,g1Os1DQ1U9UxVfYBnLKIl03XTEm2
8csk9oamgnRpOQOjvntjGabvwNh1,1716036980753,03HAO5vU6BOlF3NSeYVTzyRaJ6W2
Hj1qKEqAvdW57sa1Moe4Lk5n3ZX2,1716796415735,FHqdFsrj4ZYPZL6AvuSUjOHnSiL2
ZYoHL3CBjsYenIpFVHHcF6oBjym2,1716465995354,axYHQ2yjnTdwLf6R7eP5LKm82Y53
KQXNz7BhnAe3r6JOjzxqihdoUyG3,1716792347648,FHqdFsrj4ZYPZL6AvuSUjOHnSiL2
WexyfKTK2uXfcfXg37NNytbH7zo2,1716635459859,ffFOXVzeR2VK49LNLOTrVK2u6DV2
BzDA4Bq79ofqZsDOplwQYIyeTwH2,1716139253627,qMHVQGPKvNMdZLX8YnPH29ZYoyG3
cxDNgbdr4IQDKtFMCsEvmuMLjQ52,1715886011260,uAncaFrlwHdOlav3P7h4cAm3bMJ3
fQLGpiCUFeWnMq0GNeKyLakzrVH2,1716904221790,hA911Hr90KPbY6yO0OACx8tP2NE2
lyhs4mibhVZJQnmsWKgmmulgZXv2,1716743300092,AkK9DilFPCOis7c5aImtHk8Ui5m1
ydHIOCbDC8fn6aPwEVqszjXHSRk2,1715099541224,z5Vl3tUSRgalHfSho6JFNkpjxpn1
Hg5GZqw9fYSvXJioLxhHPTNEIpp2,1717354040005,RM7mi4SVvGhIydxwmmt6djQQL3D3
ydHIOCbDC8fn6aPwEVqszjXHSRk2,1714826367879,z5Vl3tUSRgalHfSho6JFNkpjxpn1
litJekBRXVcBVzHy5qLF9J9lSgp2,1716742661763,AkK9DilFPCOis7c5aImtHk8Ui5m1
3Jujb7tDRtXIz1zg3y5ifGieSvm2,1717008818266,qMHVQGPKvNMdZLX8YnPH29ZYoyG3
5RcdNmpvhHNW1y5jWT4lARWvMvA2,1716743171816,AkK9DilFPCOis7c5aImtHk8Ui5m1
cxDNgbdr4IQDKtFMCsEvmuMLjQ52,1715953713015,qMHVQGPKvNMdZLX8YnPH29ZYoyG3
XGTAgI1DsdeZEHRbhmpQDo3PJRr2,1716534397753,NaPJhyyglGO5W5en9C6P4BoUXof2
G4uE8F24qFbzbckOuVFng9NtCCK2,1715953601094,qMHVQGPKvNMdZLX8YnPH29ZYoyG3
LLvbFhc2xPWpoaBIf2N6uzY6rKF2,1715356197445,z5Vl3tUSRgalHfSho6JFNkpjxpn1
BzDA4Bq79ofqZsDOplwQYIyeTwH2,1717439933456,qMHVQGPKvNMdZLX8YnPH29ZYoyG3
litJekBRXVcBVzHy5qLF9J9lSgp2,1716698347440,z5Vl3tUSRgalHfSho6JFNkpjxpn1
5RcdNmpvhHNW1y5jWT4lARWvMvA2,1714825480706,SF41IxDyM4RSbTEsLNV1TP7JhdE2
oAz2ND5eAzLQayG311SoavXFqvF3,1716029301466,qMHVQGPKvNMdZLX8YnPH29ZYoyG3
BzDA4Bq79ofqZsDOplwQYIyeTwH2,1716632812990,qMHVQGPKvNMdZLX8YnPH29ZYoyG3
ydHIOCbDC8fn6aPwEVqszjXHSRk2,1716129112433,qMHVQGPKvNMdZLX8YnPH29ZYoyG3
hbh1P93lMqddwYnCd7J0E7fCcvC3,1717482452703,1kftiDxaQlT4N0NFXV4Ff70KgBF3
1nIUjo70HdexQTrhowxRyBlRn9n2,1717785720358,z5Vl3tUSRgalHfSho6JFNkpjxpn1
BzDA4Bq79ofqZsDOplwQYIyeTwH2,1716633864190,qMHVQGPKvNMdZLX8YnPH29ZYoyG3
8csk9oamgnRpOQOjvntjGabvwNh1,1715098614923,z5Vl3tUSRgalHfSho6JFNkpjxpn1
Tlrhkqe7OcYuLE8Zr3wZ7WSTTnj1,1715281938497,914umpyeZkY5lglo8KGumeZWF002
KHm6LxYCJgONgjtNmDRSDFKBYu42,1715953703993,qMHVQGPKvNMdZLX8YnPH29ZYoyG3
8aAi34rhtLWmXJUBeGdRClWtWqH2,1716584778832,z5Vl3tUSRgalHfSho6JFNkpjxpn1
xmBJNJ4yXXZ0MjpDJdcqP2AUaCj1,1716622138357,qMHVQGPKvNMdZLX8YnPH29ZYoyG3
bKqHDmwn88ZRIWJfIBrzjllY6FP2,1716132909256,qMHVQGPKvNMdZLX8YnPH29ZYoyG3
7M7SLCTcDPfmhxSU0k4E385ucuJ2,1716128477554,qMHVQGPKvNMdZLX8YnPH29ZYoyG3
uXnnBb0D5yZiOrroCy3JCZ6FxPR2,1716308368680,qMHVQGPKvNMdZLX8YnPH29ZYoyG3
7g3NB0eqWJUK5dWa7Vf8e7021Y12,1715098613174,z5Vl3tUSRgalHfSho6JFNkpjxpn1
yjFdqHJ3Uufe4THNxkJL3ZOWJa92,1717612979168,313VQeWKBWVSt90xfJKK0Y803ga2
BzDA4Bq79ofqZsDOplwQYIyeTwH2,1715379338478,z5Vl3tUSRgalHfSho6JFNkpjxpn1
LLvbFhc2xPWpoaBIf2N6uzY6rKF2,1715628337991,qMHVQGPKvNMdZLX8YnPH29ZYoyG3
kY4vl204LeNdtfuxPjS9y0OB4Q53,1716904260387,hA911Hr90KPbY6yO0OACx8tP2NE2
Tlrhkqe7OcYuLE8Zr3wZ7WSTTnj1,1715431119906,914umpyeZkY5lglo8KGumeZWF002
14320s4KGoT6JRe6JhYhKCA30062,1715379216467,z5Vl3tUSRgalHfSho6JFNkpjxpn1
9LCV7b4LZdhlrAtFBn9tJzoxu0p2,1714650627596,914umpyeZkY5lglo8KGumeZWF002
BzDA4Bq79ofqZsDOplwQYIyeTwH2,1716126935234,qMHVQGPKvNMdZLX8YnPH29ZYoyG3
6vKFwEf8eMRFjjSNrjJhssgZ15X2,1716534558104,NaPJhyyglGO5W5en9C6P4BoUXof2
8PFrMK8I9tOuJq9BEUdB7BUIWar1,1716046204387,qMHVQGPKvNMdZLX8YnPH29ZYoyG3
4OU8k1M6xDaTwc4nbaCoRBE96wt1,1716742415519,AkK9DilFPCOis7c5aImtHk8Ui5m1
cxDNgbdr4IQDKtFMCsEvmuMLjQ52,1715953782986,qMHVQGPKvNMdZLX8YnPH29ZYoyG3
utuqLNy1UuZLgy5eK33EeFqk4Fb2,1715379334377,z5Vl3tUSRgalHfSho6JFNkpjxpn1
dOejW7bfDveOviZE3toZ1V9iBND2,1716799576238,RPS3Z11YiGgEf0wCKcGp6lBu1a02
0gpiyt4PvgR55jCRnUvrFcClLR82,1716742861225,AkK9DilFPCOis7c5aImtHk8Ui5m1
Hj1qKEqAvdW57sa1Moe4Lk5n3ZX2,1716799600313,RPS3Z11YiGgEf0wCKcGp6lBu1a02
BzDA4Bq79ofqZsDOplwQYIyeTwH2,1716029304441,qMHVQGPKvNMdZLX8YnPH29ZYoyG3
bixv6Zp7x7XdKHUsfXs62OaY7Yn2,1716046201171,qMHVQGPKvNMdZLX8YnPH29ZYoyG3
CxjVCo2yjITmre9RHgHt0HdgUb42,1717422590084,xd90PSoHbugHnzRD3eqHotP076X2
uWDbQDOp85MEL1kpVlLaxrwjFbc2,1716743324480,AkK9DilFPCOis7c5aImtHk8Ui5m1
VcHCeXzJnQQJemdNO9cAnZtRWWe2,1716743327471,AkK9DilFPCOis7c5aImtHk8Ui5m1
S0lLXFVo1nZ2wNTg5dFKvJ7AykB3,1716742917485,AkK9DilFPCOis7c5aImtHk8Ui5m1
oAz2ND5eAzLQayG311SoavXFqvF3,1716308401419,qMHVQGPKvNMdZLX8YnPH29ZYoyG3
BzDA4Bq79ofqZsDOplwQYIyeTwH2,1716637560346,qMHVQGPKvNMdZLX8YnPH29ZYoyG3
bKqHDmwn88ZRIWJfIBrzjllY6FP2,1716029200732,qMHVQGPKvNMdZLX8YnPH29ZYoyG3
9LCV7b4LZdhlrAtFBn9tJzoxu0p2,1715628177275,qMHVQGPKvNMdZLX8YnPH29ZYoyG3
7M7SLCTcDPfmhxSU0k4E385ucuJ2,1715972072426,313VQeWKBWVSt90xfJKK0Y803ga2
L2k6Q8chTrMpp4zuSDZuDP5EQmU2,1717062865539,X5pSoHXR7oa4XH90Mg3huDaWASt1
6DzqFENos7TWPBAQYq6DB04O8fC3,1716056810037,m5LXPhXcsVfmlVuGJs7GJiaR18J3
Hg5GZqw9fYSvXJioLxhHPTNEIpp2,1717354012388,RM7mi4SVvGhIydxwmmt6djQQL3D3
jPM73iTHDgVSbvlvwttEozwNIXJ3,1716796379246,FHqdFsrj4ZYPZL6AvuSUjOHnSiL2
dOejW7bfDveOviZE3toZ1V9iBND2,1716584813215,z5Vl3tUSRgalHfSho6JFNkpjxpn1
9WrnILEzSLhu8iMmoMQxhkBhTDd2,1716743284522,AkK9DilFPCOis7c5aImtHk8Ui5m1
BzDA4Bq79ofqZsDOplwQYIyeTwH2,1717061941835,X5pSoHXR7oa4XH90Mg3huDaWASt1
BzDA4Bq79ofqZsDOplwQYIyeTwH2,1717964004229,313VQeWKBWVSt90xfJKK0Y803ga2
BzDA4Bq79ofqZsDOplwQYIyeTwH2,1716742711220,AkK9DilFPCOis7c5aImtHk8Ui5m1
Fg5mrGdn2rQBnTK924kd9b9fFnN2,1715875160163,hA911Hr90KPbY6yO0OACx8tP2NE2
Jbuorv8dE0YUsq1j7nSGwkz8AtC2,1716636700750,I6elAlW14FXyawwu9ri0ANirM0x1
CxjVCo2yjITmre9RHgHt0HdgUb42,1716029169604,qMHVQGPKvNMdZLX8YnPH29ZYoyG3
oAz2ND5eAzLQayG311SoavXFqvF3,1715953799736,qMHVQGPKvNMdZLX8YnPH29ZYoyG3
BzDA4Bq79ofqZsDOplwQYIyeTwH2,1716630428754,qMHVQGPKvNMdZLX8YnPH29ZYoyG3
fQLGpiCUFeWnMq0GNeKyLakzrVH2,1715875025461,hA911Hr90KPbY6yO0OACx8tP2NE2
litJekBRXVcBVzHy5qLF9J9lSgp2,1716029299391,qMHVQGPKvNMdZLX8YnPH29ZYoyG3
izq6JnhAp3h5T0sBPuLqEiPa1CE2,1717338106159,2MQXbrefhTbyejpLcfrEkn01rSz1
uWDbQDOp85MEL1kpVlLaxrwjFbc2,1716638635664,qMHVQGPKvNMdZLX8YnPH29ZYoyG3
LCPhUsk9nPYajXzZNTnqCRYGFR22,1716742492669,AkK9DilFPCOis7c5aImtHk8Ui5m1
07zthhw3edOfmXwnD2SmjP3fc3y2,1716134073911,GzZT4dNYCbRjK0TBq4Sre4jcYGh1
Tlrhkqe7OcYuLE8Zr3wZ7WSTTnj1,1715165045369,914umpyeZkY5lglo8KGumeZWF002
6vKFwEf8eMRFjjSNrjJhssgZ15X2,1716742863070,AkK9DilFPCOis7c5aImtHk8Ui5m1
NB0X9FrKDRSGQJGnee7LaBDKCbM2,1716744325669,z5Vl3tUSRgalHfSho6JFNkpjxpn1
6vKFwEf8eMRFjjSNrjJhssgZ15X2,1716030758889,z5Vl3tUSRgalHfSho6JFNkpjxpn1
KQXNz7BhnAe3r6JOjzxqihdoUyG3,1716796425803,FHqdFsrj4ZYPZL6AvuSUjOHnSiL2
bKqHDmwn88ZRIWJfIBrzjllY6FP2,1716640057660,qMHVQGPKvNMdZLX8YnPH29ZYoyG3
RmJHv0vQrrfij6S00F6EhgVAoUf1,1716637334198,I6elAlW14FXyawwu9ri0ANirM0x1
lyhs4mibhVZJQnmsWKgmmulgZXv2,1717063169746,X5pSoHXR7oa4XH90Mg3huDaWASt1
izq6JnhAp3h5T0sBPuLqEiPa1CE2,1716466036784,axYHQ2yjnTdwLf6R7eP5LKm82Y53
hqE5vKCyMLgk6lyAZA6nPkHCZ0A3,1717063159698,X5pSoHXR7oa4XH90Mg3huDaWASt1
yJWMRBofrxPmtu0WSRzyfHNoQ5b2,1716636799241,I6elAlW14FXyawwu9ri0ANirM0x1
6vKFwEf8eMRFjjSNrjJhssgZ15X2,1717494533973,r4uAkw35sxMJVTxx21DUWW4P5HB3
FOZstavGrMZ9kKF4O9NfDrixKpC3,1715628230591,qMHVQGPKvNMdZLX8YnPH29ZYoyG3
tFpgYukxk8bwyCJx1ZcLLLmD0252,1717785700713,z5Vl3tUSRgalHfSho6JFNkpjxpn1
5RcdNmpvhHNW1y5jWT4lARWvMvA2,1717906356335,87e8FtLhawXUWZ2rR1FXpBZ2Mtz2
ydHIOCbDC8fn6aPwEVqszjXHSRk2,1716031597461,z5Vl3tUSRgalHfSho6JFNkpjxpn1
Ufbq6uDgbrh1edZcb3VJHY7nIo62,1717503479962,omfHlCaqhLN7VprUtxb6IsvPNcr2
BzDA4Bq79ofqZsDOplwQYIyeTwH2,1715953674068,qMHVQGPKvNMdZLX8YnPH29ZYoyG3
litJekBRXVcBVzHy5qLF9J9lSgp2,1715356247936,z5Vl3tUSRgalHfSho6JFNkpjxpn1
bKqHDmwn88ZRIWJfIBrzjllY6FP2,1715870751414,914umpyeZkY5lglo8KGumeZWF002
lyhs4mibhVZJQnmsWKgmmulgZXv2,1716465712612,axYHQ2yjnTdwLf6R7eP5LKm82Y53
8p2T5VzMlmYFmY3Ogh9XxTd134J2,1716831480280,qMHVQGPKvNMdZLX8YnPH29ZYoyG3
37II1Sv6BTa9EuiP4CEDFwtcZzU2,1716631426175,qMHVQGPKvNMdZLX8YnPH29ZYoyG3
Tlrhkqe7OcYuLE8Zr3wZ7WSTTnj1,1715100273193,qMHVQGPKvNMdZLX8YnPH29ZYoyG3
RmJHv0vQrrfij6S00F6EhgVAoUf1,1717352381875,2Dnk3xqJF6NF4ZJWcA7f2zrlnO13
Tlrhkqe7OcYuLE8Zr3wZ7WSTTnj1,1715166618022,914umpyeZkY5lglo8KGumeZWF002
Px1wmpnT77OiXkoKZypvrs9YiIa2,1717006212920,DFZU3UfzhgRM1sHo3poKO1nioqF2
lyhs4mibhVZJQnmsWKgmmulgZXv2,1716057222448,qMHVQGPKvNMdZLX8YnPH29ZYoyG3
BzDA4Bq79ofqZsDOplwQYIyeTwH2,1716205603032,bD9Zu0RHF0Vk1WGtyTAScOiZKRg2
kkAhVsxZWaf3iYcfVjZ9hBLhP603,1717613016459,313VQeWKBWVSt90xfJKK0Y803ga2
5RcdNmpvhHNW1y5jWT4lARWvMvA2,1716549118133,03HAO5vU6BOlF3NSeYVTzyRaJ6W2
7M7SLCTcDPfmhxSU0k4E385ucuJ2,1716132460295,qMHVQGPKvNMdZLX8YnPH29ZYoyG3
Tlrhkqe7OcYuLE8Zr3wZ7WSTTnj1,1717929982762,z5Vl3tUSRgalHfSho6JFNkpjxpn1
Tlrhkqe7OcYuLE8Zr3wZ7WSTTnj1,1715166457979,914umpyeZkY5lglo8KGumeZWF002
2xLs7TqjVVZM3c7HUkctwdpt64w1,1716029224923,qMHVQGPKvNMdZLX8YnPH29ZYoyG3
litJekBRXVcBVzHy5qLF9J9lSgp2,1715462086706,z5Vl3tUSRgalHfSho6JFNkpjxpn1
ydHIOCbDC8fn6aPwEVqszjXHSRk2,1717008896335,qMHVQGPKvNMdZLX8YnPH29ZYoyG3
utuqLNy1UuZLgy5eK33EeFqk4Fb2,1716067358458,yK8bHykMuPg4KqJof3jeuMI7Dn72
8csk9oamgnRpOQOjvntjGabvwNh1,1716534715285,NaPJhyyglGO5W5en9C6P4BoUXof2
ZYoHL3CBjsYenIpFVHHcF6oBjym2,1717482360958,1kftiDxaQlT4N0NFXV4Ff70KgBF3
tFpgYukxk8bwyCJx1ZcLLLmD0252,1717774593004,z5Vl3tUSRgalHfSho6JFNkpjxpn1
Tlrhkqe7OcYuLE8Zr3wZ7WSTTnj1,1714832892037,z5Vl3tUSRgalHfSho6JFNkpjxpn1
NB0X9FrKDRSGQJGnee7LaBDKCbM2,1716744381432,z5Vl3tUSRgalHfSho6JFNkpjxpn1
37II1Sv6BTa9EuiP4CEDFwtcZzU2,1716029223156,qMHVQGPKvNMdZLX8YnPH29ZYoyG3
6vKFwEf8eMRFjjSNrjJhssgZ15X2,1716630746558,qMHVQGPKvNMdZLX8YnPH29ZYoyG3
RmJHv0vQrrfij6S00F6EhgVAoUf1,1716037013488,03HAO5vU6BOlF3NSeYVTzyRaJ6W2
1nIUjo70HdexQTrhowxRyBlRn9n2,1717616262018,qMHVQGPKvNMdZLX8YnPH29ZYoyG3
LEzafI4ok8XlfLfLYMts9NvBqJG2,1715378807405,z5Vl3tUSRgalHfSho6JFNkpjxpn1
litJekBRXVcBVzHy5qLF9J9lSgp2,1715707625359,qMHVQGPKvNMdZLX8YnPH29ZYoyG3
XGTAgI1DsdeZEHRbhmpQDo3PJRr2,1716029290183,qMHVQGPKvNMdZLX8YnPH29ZYoyG3
ydHIOCbDC8fn6aPwEVqszjXHSRk2,1716642524086,qMHVQGPKvNMdZLX8YnPH29ZYoyG3
Px1wmpnT77OiXkoKZypvrs9YiIa2,1717240219664,z5Vl3tUSRgalHfSho6JFNkpjxpn1
oAz2ND5eAzLQayG311SoavXFqvF3,1716742664378,AkK9DilFPCOis7c5aImtHk8Ui5m1
FOZstavGrMZ9kKF4O9NfDrixKpC3,1715628364780,qMHVQGPKvNMdZLX8YnPH29ZYoyG3
l49kJrXNLwUnd6iMMXHwhL9RxY43,1715378846015,z5Vl3tUSRgalHfSho6JFNkpjxpn1
BzDA4Bq79ofqZsDOplwQYIyeTwH2,1716644692537,qMHVQGPKvNMdZLX8YnPH29ZYoyG3
Tlrhkqe7OcYuLE8Zr3wZ7WSTTnj1,1716035100459,qMHVQGPKvNMdZLX8YnPH29ZYoyG3
BzDA4Bq79ofqZsDOplwQYIyeTwH2,1715378870698,z5Vl3tUSRgalHfSho6JFNkpjxpn1
aGQZj0FXHoS5JekEHBHZupXZCBJ3,1716904353163,hA911Hr90KPbY6yO0OACx8tP2NE2
GNSun0UsCpbCzARwv4EK5xJqiXv2,1716630563742,qMHVQGPKvNMdZLX8YnPH29ZYoyG3
7M7SLCTcDPfmhxSU0k4E385ucuJ2,1716742898760,AkK9DilFPCOis7c5aImtHk8Ui5m1
ZYoHL3CBjsYenIpFVHHcF6oBjym2,1717852815130,FHqdFsrj4ZYPZL6AvuSUjOHnSiL2
bKqHDmwn88ZRIWJfIBrzjllY6FP2,1716137353038,qMHVQGPKvNMdZLX8YnPH29ZYoyG3
37II1Sv6BTa9EuiP4CEDFwtcZzU2,1714837241392,qMHVQGPKvNMdZLX8YnPH29ZYoyG3
Tlrhkqe7OcYuLE8Zr3wZ7WSTTnj1,1715963337357,z5Vl3tUSRgalHfSho6JFNkpjxpn1
6DzqFENos7TWPBAQYq6DB04O8fC3,1716029151270,qMHVQGPKvNMdZLX8YnPH29ZYoyG3
LLvbFhc2xPWpoaBIf2N6uzY6rKF2,1716742594416,AkK9DilFPCOis7c5aImtHk8Ui5m1
MlgTbtQKnYRhNuyouktWCER8hpC3,1716029283241,qMHVQGPKvNMdZLX8YnPH29ZYoyG3
14320s4KGoT6JRe6JhYhKCA30062,1717428771648,z5Vl3tUSRgalHfSho6JFNkpjxpn1
07zthhw3edOfmXwnD2SmjP3fc3y2,1717061899382,X5pSoHXR7oa4XH90Mg3huDaWASt1
G4uE8F24qFbzbckOuVFng9NtCCK2,1716636829860,I6elAlW14FXyawwu9ri0ANirM0x1
07UES95arRbqHIZIiS4jQjHQ69P2,1714825477572,SF41IxDyM4RSbTEsLNV1TP7JhdE2
6vKFwEf8eMRFjjSNrjJhssgZ15X2,1716040979724,qMHVQGPKvNMdZLX8YnPH29ZYoyG3
6vKFwEf8eMRFjjSNrjJhssgZ15X2,1716047404316,qMHVQGPKvNMdZLX8YnPH29ZYoyG3
Tlrhkqe7OcYuLE8Zr3wZ7WSTTnj1,1716027194830,z5Vl3tUSRgalHfSho6JFNkpjxpn1
BzDA4Bq79ofqZsDOplwQYIyeTwH2,1716631233424,qMHVQGPKvNMdZLX8YnPH29ZYoyG3
Px1wmpnT77OiXkoKZypvrs9YiIa2,1717008912536,qMHVQGPKvNMdZLX8YnPH29ZYoyG3
5RcdNmpvhHNW1y5jWT4lARWvMvA2,1716041520738,87e8FtLhawXUWZ2rR1FXpBZ2Mtz2
KHm6LxYCJgONgjtNmDRSDFKBYu42,1716742399961,AkK9DilFPCOis7c5aImtHk8Ui5m1
7g3NB0eqWJUK5dWa7Vf8e7021Y12,1717777967512,VACXPdk4TsUF70UeduW2icfq9X62
Px1wmpnT77OiXkoKZypvrs9YiIa2,1717440325733,qMHVQGPKvNMdZLX8YnPH29ZYoyG3
5RcdNmpvhHNW1y5jWT4lARWvMvA2,1716635489122,ffFOXVzeR2VK49LNLOTrVK2u6DV2
BzDA4Bq79ofqZsDOplwQYIyeTwH2,1716054984934,qMHVQGPKvNMdZLX8YnPH29ZYoyG3
BzDA4Bq79ofqZsDOplwQYIyeTwH2,1715955688663,b6aunqCXt4RLfdmcQLxYZR1F6W33
2ChEfW1brbVsNw1I7AHbB2K8kBz1,1716698327074,z5Vl3tUSRgalHfSho6JFNkpjxpn1
fQLGpiCUFeWnMq0GNeKyLakzrVH2,1716742931326,AkK9DilFPCOis7c5aImtHk8Ui5m1
3tHPPUBOANSMDqii5InDcnJvHeW2,1716742960653,AkK9DilFPCOis7c5aImtHk8Ui5m1
GNSun0UsCpbCzARwv4EK5xJqiXv2,1717616275550,qMHVQGPKvNMdZLX8YnPH29ZYoyG3
oAz2ND5eAzLQayG311SoavXFqvF3,1716067342156,yK8bHykMuPg4KqJof3jeuMI7Dn72
oAz2ND5eAzLQayG311SoavXFqvF3,1715628343555,qMHVQGPKvNMdZLX8YnPH29ZYoyG3
iLWbSttu1pbio7hIi0kl5hLihCk1,1716799519305,RPS3Z11YiGgEf0wCKcGp6lBu1a02
LLvbFhc2xPWpoaBIf2N6uzY6rKF2,1715972517975,313VQeWKBWVSt90xfJKK0Y803ga2
BzDA4Bq79ofqZsDOplwQYIyeTwH2,1716141940975,qMHVQGPKvNMdZLX8YnPH29ZYoyG3
7M7SLCTcDPfmhxSU0k4E385ucuJ2,1716027860073,qMHVQGPKvNMdZLX8YnPH29ZYoyG3
MlgTbtQKnYRhNuyouktWCER8hpC3,1717530507677,sJHi3tHqLLOnTwSlvhvLGIKeimD2
BzDA4Bq79ofqZsDOplwQYIyeTwH2,1716054938933,qMHVQGPKvNMdZLX8YnPH29ZYoyG3
QP8V1rjNcLg1t6DJrZlCY8agZj53,1716742964175,AkK9DilFPCOis7c5aImtHk8Ui5m1
wcZntG9JUAOJ00B8IuagdF4CSvh2,1716742914115,AkK9DilFPCOis7c5aImtHk8Ui5m1
7g3NB0eqWJUK5dWa7Vf8e7021Y12,1716743184330,AkK9DilFPCOis7c5aImtHk8Ui5m1
Tlrhkqe7OcYuLE8Zr3wZ7WSTTnj1,1715275055013,914umpyeZkY5lglo8KGumeZWF002
8aAi34rhtLWmXJUBeGdRClWtWqH2,1717354026487,RM7mi4SVvGhIydxwmmt6djQQL3D3
GNSun0UsCpbCzARwv4EK5xJqiXv2,1716698286886,z5Vl3tUSRgalHfSho6JFNkpjxpn1
oAz2ND5eAzLQayG311SoavXFqvF3,1717440171125,qMHVQGPKvNMdZLX8YnPH29ZYoyG3
SAkKII31emg9jsBwKjIM4kk1AAo1,1717440399608,qMHVQGPKvNMdZLX8YnPH29ZYoyG3
bKqHDmwn88ZRIWJfIBrzjllY6FP2,1716132802892,qMHVQGPKvNMdZLX8YnPH29ZYoyG3
8p2T5VzMlmYFmY3Ogh9XxTd134J2,1716742468101,AkK9DilFPCOis7c5aImtHk8Ui5m1
BzDA4Bq79ofqZsDOplwQYIyeTwH2,1717930068437,z5Vl3tUSRgalHfSho6JFNkpjxpn1
QngL02SxlmNaCVZS1677HBg6lEX2,1716742601817,AkK9DilFPCOis7c5aImtHk8Ui5m1
07UES95arRbqHIZIiS4jQjHQ69P2,1716044827005,87e8FtLhawXUWZ2rR1FXpBZ2Mtz2
bKqHDmwn88ZRIWJfIBrzjllY6FP2,1715099536576,z5Vl3tUSRgalHfSho6JFNkpjxpn1
Tlrhkqe7OcYuLE8Zr3wZ7WSTTnj1,1714838667147,qMHVQGPKvNMdZLX8YnPH29ZYoyG3
bfvbsjClU2hCld1N8nb9vioZTyR2,1716812434346,g1Os1DQ1U9UxVfYBnLKIl03XTEm2
Tlrhkqe7OcYuLE8Zr3wZ7WSTTnj1,1715949132506,z5Vl3tUSRgalHfSho6JFNkpjxpn1
j1jWB00cpfQqRcebA5qcsGkPsyX2,1717428532032,z5Vl3tUSRgalHfSho6JFNkpjxpn1
7M7SLCTcDPfmhxSU0k4E385ucuJ2,1716133861499,qMHVQGPKvNMdZLX8YnPH29ZYoyG3
litJekBRXVcBVzHy5qLF9J9lSgp2,1715953794828,qMHVQGPKvNMdZLX8YnPH29ZYoyG3
k9HoA4ybFbWY7pKjPBr64ynQhMn2,1716584873902,z5Vl3tUSRgalHfSho6JFNkpjxpn1
bKqHDmwn88ZRIWJfIBrzjllY6FP2,1716132422741,qMHVQGPKvNMdZLX8YnPH29ZYoyG3
PazOJIu32lYqUm4zxCG4oVBVsGK2,1717008930616,qMHVQGPKvNMdZLX8YnPH29ZYoyG3
G4uE8F24qFbzbckOuVFng9NtCCK2,1716742470762,AkK9DilFPCOis7c5aImtHk8Ui5m1
BzDA4Bq79ofqZsDOplwQYIyeTwH2,1716642946314,qMHVQGPKvNMdZLX8YnPH29ZYoyG3
hqE5vKCyMLgk6lyAZA6nPkHCZ0A3,1716584868828,z5Vl3tUSRgalHfSho6JFNkpjxpn1
BzDA4Bq79ofqZsDOplwQYIyeTwH2,1716639947598,qMHVQGPKvNMdZLX8YnPH29ZYoyG3
5RcdNmpvhHNW1y5jWT4lARWvMvA2,1714650299148,914umpyeZkY5lglo8KGumeZWF002
NB0X9FrKDRSGQJGnee7LaBDKCbM2,1716831353754,qMHVQGPKvNMdZLX8YnPH29ZYoyG3
Tlrhkqe7OcYuLE8Zr3wZ7WSTTnj1,1717243022485,z5Vl3tUSRgalHfSho6JFNkpjxpn1
6vKFwEf8eMRFjjSNrjJhssgZ15X2,1716636743386,I6elAlW14FXyawwu9ri0ANirM0x1
0gpiyt4PvgR55jCRnUvrFcClLR82,1716584770205,z5Vl3tUSRgalHfSho6JFNkpjxpn1
TPxYBNx6Qmazq6p2oBCHKFQBhE62,1717080621070,8H4CV34KQHgrMj1DLy4J2NwlF5e2
4uRghEa0SiYGdaoZatz2ryKEevs1,1717006192031,DFZU3UfzhgRM1sHo3poKO1nioqF2
BzDA4Bq79ofqZsDOplwQYIyeTwH2,1716044966415,z5Vl3tUSRgalHfSho6JFNkpjxpn1
litJekBRXVcBVzHy5qLF9J9lSgp2,1716308398170,qMHVQGPKvNMdZLX8YnPH29ZYoyG3
Tlrhkqe7OcYuLE8Zr3wZ7WSTTnj1,1714830331877,qMHVQGPKvNMdZLX8YnPH29ZYoyG3
CxjVCo2yjITmre9RHgHt0HdgUb42,1716534740233,NaPJhyyglGO5W5en9C6P4BoUXof2
Tlrhkqe7OcYuLE8Zr3wZ7WSTTnj1,1715103189213,qMHVQGPKvNMdZLX8YnPH29ZYoyG3
5RcdNmpvhHNW1y5jWT4lARWvMvA2,1716773336540,g1Os1DQ1U9UxVfYBnLKIl03XTEm2
TFCnSLH5dVabxpq36iEALmmsVgn1,1715378810935,z5Vl3tUSRgalHfSho6JFNkpjxpn1
Tlrhkqe7OcYuLE8Zr3wZ7WSTTnj1,1714829484251,qMHVQGPKvNMdZLX8YnPH29ZYoyG3
bKqHDmwn88ZRIWJfIBrzjllY6FP2,1716114859615,qMHVQGPKvNMdZLX8YnPH29ZYoyG3
L2k6Q8chTrMpp4zuSDZuDP5EQmU2,1717354046446,RM7mi4SVvGhIydxwmmt6djQQL3D3
TPxYBNx6Qmazq6p2oBCHKFQBhE62,1715878376989,z5Vl3tUSRgalHfSho6JFNkpjxpn1
hbh1P93lMqddwYnCd7J0E7fCcvC3,1716799554783,RPS3Z11YiGgEf0wCKcGp6lBu1a02
BzDA4Bq79ofqZsDOplwQYIyeTwH2,1717963854727,313VQeWKBWVSt90xfJKK0Y803ga2
7M7SLCTcDPfmhxSU0k4E385ucuJ2,1715932560559,z5Vl3tUSRgalHfSho6JFNkpjxpn1
7M7SLCTcDPfmhxSU0k4E385ucuJ2,1716123720921,qMHVQGPKvNMdZLX8YnPH29ZYoyG3
BzDA4Bq79ofqZsDOplwQYIyeTwH2,1716649599594,qMHVQGPKvNMdZLX8YnPH29ZYoyG3
BzDA4Bq79ofqZsDOplwQYIyeTwH2,1716632140505,qMHVQGPKvNMdZLX8YnPH29ZYoyG3
BzDA4Bq79ofqZsDOplwQYIyeTwH2,1716030913512,z5Vl3tUSRgalHfSho6JFNkpjxpn1
Tlrhkqe7OcYuLE8Zr3wZ7WSTTnj1,1716121542172,z5Vl3tUSRgalHfSho6JFNkpjxpn1
fQLGpiCUFeWnMq0GNeKyLakzrVH2,1716799481925,RPS3Z11YiGgEf0wCKcGp6lBu1a02
GNSun0UsCpbCzARwv4EK5xJqiXv2,1717785726243,z5Vl3tUSRgalHfSho6JFNkpjxpn1
14320s4KGoT6JRe6JhYhKCA30062,1717613032606,313VQeWKBWVSt90xfJKK0Y803ga2
izq6JnhAp3h5T0sBPuLqEiPa1CE2,1717338135476,2MQXbrefhTbyejpLcfrEkn01rSz1
8aAi34rhtLWmXJUBeGdRClWtWqH2,1716029250273,qMHVQGPKvNMdZLX8YnPH29ZYoyG3
7M7SLCTcDPfmhxSU0k4E385ucuJ2,1716035678589,jkChc1Rrx9cuUyCM1LDJPS3Rl9h2
fQLGpiCUFeWnMq0GNeKyLakzrVH2,1717061871064,X5pSoHXR7oa4XH90Mg3huDaWASt1
YonCMibRxZa6KyexHXnT1aVhx5h2,1716466158350,axYHQ2yjnTdwLf6R7eP5LKm82Y53
BzDA4Bq79ofqZsDOplwQYIyeTwH2,1717964181879,313VQeWKBWVSt90xfJKK0Y803ga2
Tlrhkqe7OcYuLE8Zr3wZ7WSTTnj1,1715957170112,b6aunqCXt4RLfdmcQLxYZR1F6W33
Tlrhkqe7OcYuLE8Zr3wZ7WSTTnj1,1716027127229,z5Vl3tUSRgalHfSho6JFNkpjxpn1
GNSun0UsCpbCzARwv4EK5xJqiXv2,1716534488489,NaPJhyyglGO5W5en9C6P4BoUXof2
BzDA4Bq79ofqZsDOplwQYIyeTwH2,1716116053671,qMHVQGPKvNMdZLX8YnPH29ZYoyG3
bixv6Zp7x7XdKHUsfXs62OaY7Yn2,1716034922245,qMHVQGPKvNMdZLX8YnPH29ZYoyG3
8p2T5VzMlmYFmY3Ogh9XxTd134J2,1715953700960,qMHVQGPKvNMdZLX8YnPH29ZYoyG3
WexyfKTK2uXfcfXg37NNytbH7zo2,1716743001594,AkK9DilFPCOis7c5aImtHk8Ui5m1
Tlrhkqe7OcYuLE8Zr3wZ7WSTTnj1,1715166761385,914umpyeZkY5lglo8KGumeZWF002
cxDNgbdr4IQDKtFMCsEvmuMLjQ52,1715886032471,z5Vl3tUSRgalHfSho6JFNkpjxpn1
NB0X9FrKDRSGQJGnee7LaBDKCbM2,1715953515842,qMHVQGPKvNMdZLX8YnPH29ZYoyG3
KQXNz7BhnAe3r6JOjzxqihdoUyG3,1716630740744,qMHVQGPKvNMdZLX8YnPH29ZYoyG3
Hg5GZqw9fYSvXJioLxhHPTNEIpp2,1717422632780,xd90PSoHbugHnzRD3eqHotP076X2
L2k6Q8chTrMpp4zuSDZuDP5EQmU2,1716029266499,qMHVQGPKvNMdZLX8YnPH29ZYoyG3
6vKFwEf8eMRFjjSNrjJhssgZ15X2,1715878192170,z5Vl3tUSRgalHfSho6JFNkpjxpn1
HQFIZvDgdSP11QR4Ji6yw3nmtlf2,1717613003176,313VQeWKBWVSt90xfJKK0Y803ga2
z6qlZK7z2FdYkoQjBUuarmWdpGu1,1716812280085,g1Os1DQ1U9UxVfYBnLKIl03XTEm2
6DzqFENos7TWPBAQYq6DB04O8fC3,1714650599830,914umpyeZkY5lglo8KGumeZWF002
z6qlZK7z2FdYkoQjBUuarmWdpGu1,1715379264027,z5Vl3tUSRgalHfSho6JFNkpjxpn1
O0Rz94gE2qTse3Sn3O1utUhcW1E3,1716904242229,hA911Hr90KPbY6yO0OACx8tP2NE2
8IdObyUObkebKXmJVyrvAbqSQjo2,1716029155812,qMHVQGPKvNMdZLX8YnPH29ZYoyG3
Fg5mrGdn2rQBnTK924kd9b9fFnN2,1716474276938,O2XVZMacTGYqtKj6BTP6oJPX9cq2
mqSdXpFoNQPFGrb9uCjznhBEf3Z2,1717613019991,313VQeWKBWVSt90xfJKK0Y803ga2
6vKFwEf8eMRFjjSNrjJhssgZ15X2,1716030641910,qMHVQGPKvNMdZLX8YnPH29ZYoyG3
IilWfGcGMZQxkJQNIkO06oXNPD22,1715379222695,z5Vl3tUSRgalHfSho6JFNkpjxpn1
ydHIOCbDC8fn6aPwEVqszjXHSRk2,1716031679231,z5Vl3tUSRgalHfSho6JFNkpjxpn1
yjFdqHJ3Uufe4THNxkJL3ZOWJa92,1717062002287,X5pSoHXR7oa4XH90Mg3huDaWASt1
utuqLNy1UuZLgy5eK33EeFqk4Fb2,1716742666779,AkK9DilFPCOis7c5aImtHk8Ui5m1
2ChEfW1brbVsNw1I7AHbB2K8kBz1,1716698360552,z5Vl3tUSRgalHfSho6JFNkpjxpn1
5RcdNmpvhHNW1y5jWT4lARWvMvA2,1715098609471,z5Vl3tUSRgalHfSho6JFNkpjxpn1
8csk9oamgnRpOQOjvntjGabvwNh1,1714650605080,914umpyeZkY5lglo8KGumeZWF002
6DzqFENos7TWPBAQYq6DB04O8fC3,1715098611779,z5Vl3tUSRgalHfSho6JFNkpjxpn1
8IdObyUObkebKXmJVyrvAbqSQjo2,1715707607248,qMHVQGPKvNMdZLX8YnPH29ZYoyG3
bKqHDmwn88ZRIWJfIBrzjllY6FP2,1716637344482,I6elAlW14FXyawwu9ri0ANirM0x1
NB0X9FrKDRSGQJGnee7LaBDKCbM2,1716033440537,qMHVQGPKvNMdZLX8YnPH29ZYoyG3
6vKFwEf8eMRFjjSNrjJhssgZ15X2,1716584772335,z5Vl3tUSRgalHfSho6JFNkpjxpn1
Q2MZ5b187UMO3vbNcIu8TtsmCvb2,1717440457605,qMHVQGPKvNMdZLX8YnPH29ZYoyG3
7M7SLCTcDPfmhxSU0k4E385ucuJ2,1717494562299,r4uAkw35sxMJVTxx21DUWW4P5HB3
7M7SLCTcDPfmhxSU0k4E385ucuJ2,1716037952270,z5Vl3tUSRgalHfSho6JFNkpjxpn1
UP7r7Az1WUevLnjDOBJpYGXQzPD3,1714825501499,SF41IxDyM4RSbTEsLNV1TP7JhdE2
Tlrhkqe7OcYuLE8Zr3wZ7WSTTnj1,1715538772691,qMHVQGPKvNMdZLX8YnPH29ZYoyG3
BzDA4Bq79ofqZsDOplwQYIyeTwH2,1716648075077,qMHVQGPKvNMdZLX8YnPH29ZYoyG3
6vKFwEf8eMRFjjSNrjJhssgZ15X2,1716832726856,qMHVQGPKvNMdZLX8YnPH29ZYoyG3
6vKFwEf8eMRFjjSNrjJhssgZ15X2,1716832744603,qMHVQGPKvNMdZLX8YnPH29ZYoyG3
07UES95arRbqHIZIiS4jQjHQ69P2,1715098607924,z5Vl3tUSRgalHfSho6JFNkpjxpn1
CxjVCo2yjITmre9RHgHt0HdgUb42,1716056821546,m5LXPhXcsVfmlVuGJs7GJiaR18J3
aGQZj0FXHoS5JekEHBHZupXZCBJ3,1716466015722,axYHQ2yjnTdwLf6R7eP5LKm82Y53
6DzqFENos7TWPBAQYq6DB04O8fC3,1715707600968,qMHVQGPKvNMdZLX8YnPH29ZYoyG3
6vKFwEf8eMRFjjSNrjJhssgZ15X2,1716036146299,qMHVQGPKvNMdZLX8YnPH29ZYoyG3
MqOc124jRTc4TXYOfHlEbTreCSa2,1716812259267,g1Os1DQ1U9UxVfYBnLKIl03XTEm2
Tlrhkqe7OcYuLE8Zr3wZ7WSTTnj1,1715788810400,z5Vl3tUSRgalHfSho6JFNkpjxpn1
5RcdNmpvhHNW1y5jWT4lARWvMvA2,1716637315936,I6elAlW14FXyawwu9ri0ANirM0x1
4OU8k1M6xDaTwc4nbaCoRBE96wt1,1717008829754,qMHVQGPKvNMdZLX8YnPH29ZYoyG3
XGTAgI1DsdeZEHRbhmpQDo3PJRr2,1716466150117,axYHQ2yjnTdwLf6R7eP5LKm82Y53
CxjVCo2yjITmre9RHgHt0HdgUb42,1714825486456,SF41IxDyM4RSbTEsLNV1TP7JhdE2
ydHIOCbDC8fn6aPwEVqszjXHSRk2,1716128491017,z5Vl3tUSRgalHfSho6JFNkpjxpn1
tFpgYukxk8bwyCJx1ZcLLLmD0252,1715628239229,qMHVQGPKvNMdZLX8YnPH29ZYoyG3
bKqHDmwn88ZRIWJfIBrzjllY6FP2,1716033591913,qMHVQGPKvNMdZLX8YnPH29ZYoyG3
Ufbq6uDgbrh1edZcb3VJHY7nIo62,1716466070444,axYHQ2yjnTdwLf6R7eP5LKm82Y53
Ufbq6uDgbrh1edZcb3VJHY7nIo62,1716067280565,yK8bHykMuPg4KqJof3jeuMI7Dn72
LEzafI4ok8XlfLfLYMts9NvBqJG2,1716134057774,GzZT4dNYCbRjK0TBq4Sre4jcYGh1
Tlrhkqe7OcYuLE8Zr3wZ7WSTTnj1,1716115716080,qMHVQGPKvNMdZLX8YnPH29ZYoyG3
jPM73iTHDgVSbvlvwttEozwNIXJ3,1716799624244,RPS3Z11YiGgEf0wCKcGp6lBu1a02
6vKFwEf8eMRFjjSNrjJhssgZ15X2,1716636482425,qMHVQGPKvNMdZLX8YnPH29ZYoyG3
a2fgrRlUmdUpM7Y45ApUrvjnpTk2,1716320825180,z5Vl3tUSRgalHfSho6JFNkpjxpn1
Tlrhkqe7OcYuLE8Zr3wZ7WSTTnj1,1715951203325,z5Vl3tUSRgalHfSho6JFNkpjxpn1
litJekBRXVcBVzHy5qLF9J9lSgp2,1717440151486,qMHVQGPKvNMdZLX8YnPH29ZYoyG3
6vKFwEf8eMRFjjSNrjJhssgZ15X2,1715878179717,z5Vl3tUSRgalHfSho6JFNkpjxpn1
7M7SLCTcDPfmhxSU0k4E385ucuJ2,1716037924129,qMHVQGPKvNMdZLX8YnPH29ZYoyG3
litJekBRXVcBVzHy5qLF9J9lSgp2,1716828069942,z5Vl3tUSRgalHfSho6JFNkpjxpn1
CxjVCo2yjITmre9RHgHt0HdgUb42,1716628364214,qMHVQGPKvNMdZLX8YnPH29ZYoyG3
5RcdNmpvhHNW1y5jWT4lARWvMvA2,1717906318141,87e8FtLhawXUWZ2rR1FXpBZ2Mtz2
8csk9oamgnRpOQOjvntjGabvwNh1,1716743190612,AkK9DilFPCOis7c5aImtHk8Ui5m1
BzDA4Bq79ofqZsDOplwQYIyeTwH2,1716643801170,qMHVQGPKvNMdZLX8YnPH29ZYoyG3
Tlrhkqe7OcYuLE8Zr3wZ7WSTTnj1,1715628395674,qMHVQGPKvNMdZLX8YnPH29ZYoyG3
Tlrhkqe7OcYuLE8Zr3wZ7WSTTnj1,1717243329286,z5Vl3tUSRgalHfSho6JFNkpjxpn1
07zthhw3edOfmXwnD2SmjP3fc3y2,1715378799161,z5Vl3tUSRgalHfSho6JFNkpjxpn1
8IdObyUObkebKXmJVyrvAbqSQjo2,1715628167031,qMHVQGPKvNMdZLX8YnPH29ZYoyG3
utuqLNy1UuZLgy5eK33EeFqk4Fb2,1716466195878,axYHQ2yjnTdwLf6R7eP5LKm82Y53
4OU8k1M6xDaTwc4nbaCoRBE96wt1,1716831412135,qMHVQGPKvNMdZLX8YnPH29ZYoyG3
xZDi4UFLHvY6uriFTcJL3UVHtb23,1716799534382,RPS3Z11YiGgEf0wCKcGp6lBu1a02
6vKFwEf8eMRFjjSNrjJhssgZ15X2,1716027835332,qMHVQGPKvNMdZLX8YnPH29ZYoyG3
Tlrhkqe7OcYuLE8Zr3wZ7WSTTnj1,1715099712760,qMHVQGPKvNMdZLX8YnPH29ZYoyG3
Tlrhkqe7OcYuLE8Zr3wZ7WSTTnj1,1715431631724,914umpyeZkY5lglo8KGumeZWF002
bKqHDmwn88ZRIWJfIBrzjllY6FP2,1716036068856,qMHVQGPKvNMdZLX8YnPH29ZYoyG3
oAz2ND5eAzLQayG311SoavXFqvF3,1715379332702,z5Vl3tUSRgalHfSho6JFNkpjxpn1
Tlrhkqe7OcYuLE8Zr3wZ7WSTTnj1,1714826805505,914umpyeZkY5lglo8KGumeZWF002
7M7SLCTcDPfmhxSU0k4E385ucuJ2,1716131623738,qMHVQGPKvNMdZLX8YnPH29ZYoyG3
7M7SLCTcDPfmhxSU0k4E385ucuJ2,1716641424619,qMHVQGPKvNMdZLX8YnPH29ZYoyG3
Px1wmpnT77OiXkoKZypvrs9YiIa2,1717006171443,DFZU3UfzhgRM1sHo3poKO1nioqF2
bKqHDmwn88ZRIWJfIBrzjllY6FP2,1716649648710,qMHVQGPKvNMdZLX8YnPH29ZYoyG3
fQLGpiCUFeWnMq0GNeKyLakzrVH2,1715875045854,hA911Hr90KPbY6yO0OACx8tP2NE2
07UES95arRbqHIZIiS4jQjHQ69P2,1716044346321,87e8FtLhawXUWZ2rR1FXpBZ2Mtz2
oAz2ND5eAzLQayG311SoavXFqvF3,1715356237894,z5Vl3tUSRgalHfSho6JFNkpjxpn1
lyhs4mibhVZJQnmsWKgmmulgZXv2,1717062743202,X5pSoHXR7oa4XH90Mg3huDaWASt1
bixv6Zp7x7XdKHUsfXs62OaY7Yn2,1716034946472,qMHVQGPKvNMdZLX8YnPH29ZYoyG3
6DzqFENos7TWPBAQYq6DB04O8fC3,1714825473360,SF41IxDyM4RSbTEsLNV1TP7JhdE2
litJekBRXVcBVzHy5qLF9J9lSgp2,1715356230378,z5Vl3tUSRgalHfSho6JFNkpjxpn1
Vb3vQLLNGrXqPbYpY2Tqvl2LPvh1,1716465942043,axYHQ2yjnTdwLf6R7eP5LKm82Y53
2xLs7TqjVVZM3c7HUkctwdpt64w1,1714837238494,qMHVQGPKvNMdZLX8YnPH29ZYoyG3
6DzqFENos7TWPBAQYq6DB04O8fC3,1716636896728,I6elAlW14FXyawwu9ri0ANirM0x1
XGTAgI1DsdeZEHRbhmpQDo3PJRr2,1717530533083,sJHi3tHqLLOnTwSlvhvLGIKeimD2
3Jujb7tDRtXIz1zg3y5ifGieSvm2,1717439900339,qMHVQGPKvNMdZLX8YnPH29ZYoyG3
BzDA4Bq79ofqZsDOplwQYIyeTwH2,1716629796066,qMHVQGPKvNMdZLX8YnPH29ZYoyG3
Tlrhkqe7OcYuLE8Zr3wZ7WSTTnj1,1715536445826,z5Vl3tUSRgalHfSho6JFNkpjxpn1
Tlrhkqe7OcYuLE8Zr3wZ7WSTTnj1,1716028005313,z5Vl3tUSRgalHfSho6JFNkpjxpn1
Tlrhkqe7OcYuLE8Zr3wZ7WSTTnj1,1715764873876,914umpyeZkY5lglo8KGumeZWF002
j1jWB00cpfQqRcebA5qcsGkPsyX2,1717440404229,qMHVQGPKvNMdZLX8YnPH29ZYoyG3
litJekBRXVcBVzHy5qLF9J9lSgp2,1717439880144,qMHVQGPKvNMdZLX8YnPH29ZYoyG3
4OU8k1M6xDaTwc4nbaCoRBE96wt1,1716828047645,z5Vl3tUSRgalHfSho6JFNkpjxpn1
sTWWwdJhI9YBkPFIogloi5cR09z1,1716034964350,qMHVQGPKvNMdZLX8YnPH29ZYoyG3
oAz2ND5eAzLQayG311SoavXFqvF3,1715462088197,z5Vl3tUSRgalHfSho6JFNkpjxpn1
bKqHDmwn88ZRIWJfIBrzjllY6FP2,1716115917167,qMHVQGPKvNMdZLX8YnPH29ZYoyG3
Q2MZ5b187UMO3vbNcIu8TtsmCvb2,1717061997002,X5pSoHXR7oa4XH90Mg3huDaWASt1
uXnnBb0D5yZiOrroCy3JCZ6FxPR2,1717503425229,omfHlCaqhLN7VprUtxb6IsvPNcr2
yjFdqHJ3Uufe4THNxkJL3ZOWJa92,1717440459820,qMHVQGPKvNMdZLX8YnPH29ZYoyG3
Tlrhkqe7OcYuLE8Zr3wZ7WSTTnj1,1717774601376,z5Vl3tUSRgalHfSho6JFNkpjxpn1
utuqLNy1UuZLgy5eK33EeFqk4Fb2,1716742701020,AkK9DilFPCOis7c5aImtHk8Ui5m1
Tlrhkqe7OcYuLE8Zr3wZ7WSTTnj1,1715863561591,qMHVQGPKvNMdZLX8YnPH29ZYoyG3
oAz2ND5eAzLQayG311SoavXFqvF3,1717439913706,qMHVQGPKvNMdZLX8YnPH29ZYoyG3
utuqLNy1UuZLgy5eK33EeFqk4Fb2,1715953801820,qMHVQGPKvNMdZLX8YnPH29ZYoyG3
6vKFwEf8eMRFjjSNrjJhssgZ15X2,1716035503537,qMHVQGPKvNMdZLX8YnPH29ZYoyG3
HQFIZvDgdSP11QR4Ji6yw3nmtlf2,1716742962424,AkK9DilFPCOis7c5aImtHk8Ui5m1
bixv6Zp7x7XdKHUsfXs62OaY7Yn2,1716034930526,qMHVQGPKvNMdZLX8YnPH29ZYoyG3
BzDA4Bq79ofqZsDOplwQYIyeTwH2,1716057131936,qMHVQGPKvNMdZLX8YnPH29ZYoyG3
ydHIOCbDC8fn6aPwEVqszjXHSRk2,1715971787562,313VQeWKBWVSt90xfJKK0Y803ga2
BzDA4Bq79ofqZsDOplwQYIyeTwH2,1716045895730,qMHVQGPKvNMdZLX8YnPH29ZYoyG3
GNSun0UsCpbCzARwv4EK5xJqiXv2,1716308351869,qMHVQGPKvNMdZLX8YnPH29ZYoyG3
j1jWB00cpfQqRcebA5qcsGkPsyX2,1717612973653,313VQeWKBWVSt90xfJKK0Y803ga2
Jbuorv8dE0YUsq1j7nSGwkz8AtC2,1715379224752,z5Vl3tUSRgalHfSho6JFNkpjxpn1
l49kJrXNLwUnd6iMMXHwhL9RxY43,1716308363315,qMHVQGPKvNMdZLX8YnPH29ZYoyG3
uXnnBb0D5yZiOrroCy3JCZ6FxPR2,1716584842814,z5Vl3tUSRgalHfSho6JFNkpjxpn1
Tlrhkqe7OcYuLE8Zr3wZ7WSTTnj1,1715849121973,SF41IxDyM4RSbTEsLNV1TP7JhdE2
Tlrhkqe7OcYuLE8Zr3wZ7WSTTnj1,1714830390643,qMHVQGPKvNMdZLX8YnPH29ZYoyG3
lyhs4mibhVZJQnmsWKgmmulgZXv2,1717778012474,VACXPdk4TsUF70UeduW2icfq9X62
99Df4lqeCFeBZc7lLT8Gw5E3cRD2,1716743281452,AkK9DilFPCOis7c5aImtHk8Ui5m1
uWDbQDOp85MEL1kpVlLaxrwjFbc2,1716137678293,qMHVQGPKvNMdZLX8YnPH29ZYoyG3
jPM73iTHDgVSbvlvwttEozwNIXJ3,1716636917934,I6elAlW14FXyawwu9ri0ANirM0x1
QP8V1rjNcLg1t6DJrZlCY8agZj53,1717613005741,313VQeWKBWVSt90xfJKK0Y803ga2
aYiLEplrwDb41Tow109zk7YLPZB3,1715379235852,z5Vl3tUSRgalHfSho6JFNkpjxpn1
fQLGpiCUFeWnMq0GNeKyLakzrVH2,1717061876897,X5pSoHXR7oa4XH90Mg3huDaWASt1
bKqHDmwn88ZRIWJfIBrzjllY6FP2,1716792507561,FHqdFsrj4ZYPZL6AvuSUjOHnSiL2
oAz2ND5eAzLQayG311SoavXFqvF3,1716698341826,z5Vl3tUSRgalHfSho6JFNkpjxpn1
Tlrhkqe7OcYuLE8Zr3wZ7WSTTnj1,1715785505565,z5Vl3tUSRgalHfSho6JFNkpjxpn1
G4uE8F24qFbzbckOuVFng9NtCCK2,1716716865890,m5LXPhXcsVfmlVuGJs7GJiaR18J3
6DzqFENos7TWPBAQYq6DB04O8fC3,1715628162098,qMHVQGPKvNMdZLX8YnPH29ZYoyG3
8PFrMK8I9tOuJq9BEUdB7BUIWar1,1714837253172,qMHVQGPKvNMdZLX8YnPH29ZYoyG3
vSnJx6S3yKSSoo4XiNg34GzbXFL2,1716644821677,z5Vl3tUSRgalHfSho6JFNkpjxpn1
l49kJrXNLwUnd6iMMXHwhL9RxY43,1717943965070,g1Os1DQ1U9UxVfYBnLKIl03XTEm2
Tlrhkqe7OcYuLE8Zr3wZ7WSTTnj1,1715432039603,914umpyeZkY5lglo8KGumeZWF002
Tlrhkqe7OcYuLE8Zr3wZ7WSTTnj1,1716027834888,z5Vl3tUSRgalHfSho6JFNkpjxpn1
Tlrhkqe7OcYuLE8Zr3wZ7WSTTnj1,1715886485433,z5Vl3tUSRgalHfSho6JFNkpjxpn1
7M7SLCTcDPfmhxSU0k4E385ucuJ2,1716644799254,z5Vl3tUSRgalHfSho6JFNkpjxpn1
Tlrhkqe7OcYuLE8Zr3wZ7WSTTnj1,1715795848808,z5Vl3tUSRgalHfSho6JFNkpjxpn1
bfvbsjClU2hCld1N8nb9vioZTyR2,1716743298344,AkK9DilFPCOis7c5aImtHk8Ui5m1
2ChEfW1brbVsNw1I7AHbB2K8kBz1,1717616266620,qMHVQGPKvNMdZLX8YnPH29ZYoyG3
BzDA4Bq79ofqZsDOplwQYIyeTwH2,1716650574956,qMHVQGPKvNMdZLX8YnPH29ZYoyG3
MlgTbtQKnYRhNuyouktWCER8hpC3,1716534421875,NaPJhyyglGO5W5en9C6P4BoUXof2
07zthhw3edOfmXwnD2SmjP3fc3y2,1717943952023,g1Os1DQ1U9UxVfYBnLKIl03XTEm2
Tlrhkqe7OcYuLE8Zr3wZ7WSTTnj1,1715354400276,z5Vl3tUSRgalHfSho6JFNkpjxpn1
litJekBRXVcBVzHy5qLF9J9lSgp2,1715379330862,z5Vl3tUSRgalHfSho6JFNkpjxpn1
BzDA4Bq79ofqZsDOplwQYIyeTwH2,1716117269058,qMHVQGPKvNMdZLX8YnPH29ZYoyG3
Tlrhkqe7OcYuLE8Zr3wZ7WSTTnj1,1714833472674,914umpyeZkY5lglo8KGumeZWF002
6vKFwEf8eMRFjjSNrjJhssgZ15X2,1716631486588,qMHVQGPKvNMdZLX8YnPH29ZYoyG3
bixv6Zp7x7XdKHUsfXs62OaY7Yn2,1716743219461,AkK9DilFPCOis7c5aImtHk8Ui5m1
8p2T5VzMlmYFmY3Ogh9XxTd134J2,1716205630177,bD9Zu0RHF0Vk1WGtyTAScOiZKRg2
WexyfKTK2uXfcfXg37NNytbH7zo2,1717852863006,FHqdFsrj4ZYPZL6AvuSUjOHnSiL2
BzDA4Bq79ofqZsDOplwQYIyeTwH2,1716649805523,qMHVQGPKvNMdZLX8YnPH29ZYoyG3
2ChEfW1brbVsNw1I7AHbB2K8kBz1,1716698278746,z5Vl3tUSRgalHfSho6JFNkpjxpn1
XGTAgI1DsdeZEHRbhmpQDo3PJRr2,1715628260670,qMHVQGPKvNMdZLX8YnPH29ZYoyG3
Tlrhkqe7OcYuLE8Zr3wZ7WSTTnj1,1714827723897,914umpyeZkY5lglo8KGumeZWF002
7M7SLCTcDPfmhxSU0k4E385ucuJ2,1716584775977,z5Vl3tUSRgalHfSho6JFNkpjxpn1
ydHIOCbDC8fn6aPwEVqszjXHSRk2,1716031684465,z5Vl3tUSRgalHfSho6JFNkpjxpn1
XGTAgI1DsdeZEHRbhmpQDo3PJRr2,1715757652058,z5Vl3tUSRgalHfSho6JFNkpjxpn1
Hg5GZqw9fYSvXJioLxhHPTNEIpp2,1717353971154,RM7mi4SVvGhIydxwmmt6djQQL3D3
Tlrhkqe7OcYuLE8Zr3wZ7WSTTnj1,1715764415933,914umpyeZkY5lglo8KGumeZWF002
Tlrhkqe7OcYuLE8Zr3wZ7WSTTnj1,1715066779546,914umpyeZkY5lglo8KGumeZWF002
BzDA4Bq79ofqZsDOplwQYIyeTwH2,1716049854314,qMHVQGPKvNMdZLX8YnPH29ZYoyG3
QP8V1rjNcLg1t6DJrZlCY8agZj53,1716742990107,AkK9DilFPCOis7c5aImtHk8Ui5m1
NB0X9FrKDRSGQJGnee7LaBDKCbM2,1716742743692,AkK9DilFPCOis7c5aImtHk8Ui5m1
litJekBRXVcBVzHy5qLF9J9lSgp2,1716698338124,z5Vl3tUSRgalHfSho6JFNkpjxpn1
fQLGpiCUFeWnMq0GNeKyLakzrVH2,1715875130008,hA911Hr90KPbY6yO0OACx8tP2NE2
CxjVCo2yjITmre9RHgHt0HdgUb42,1716137325339,ldBmjwfJ4nao6I0c3QkSWVyxInC3
Jbuorv8dE0YUsq1j7nSGwkz8AtC2,1716644814172,z5Vl3tUSRgalHfSho6JFNkpjxpn1
NB0X9FrKDRSGQJGnee7LaBDKCbM2,1716742497666,AkK9DilFPCOis7c5aImtHk8Ui5m1
kY4vl204LeNdtfuxPjS9y0OB4Q53,1716636785139,I6elAlW14FXyawwu9ri0ANirM0x1
BzDA4Bq79ofqZsDOplwQYIyeTwH2,1716634844533,qMHVQGPKvNMdZLX8YnPH29ZYoyG3
Tlrhkqe7OcYuLE8Zr3wZ7WSTTnj1,1714831655197,z5Vl3tUSRgalHfSho6JFNkpjxpn1
O0Rz94gE2qTse3Sn3O1utUhcW1E3,1717008942040,qMHVQGPKvNMdZLX8YnPH29ZYoyG3
