time,categorieId,uid
1716716861967,RF0Gh7aSA6hQiQ4ltqoX,m5LXPhXcsVfmlVuGJs7GJiaR18J3
1715795846956,I6AWdAj1WnDyzCVW312E,z5Vl3tUSRgalHfSho6JFNkpjxpn1
1716033434531,RF0Gh7aSA6hQiQ4ltqoX,qMHVQGPKvNMdZLX8YnPH29ZYoyG3
1716205658209,KZyZa9pEBuGrFOp4Vweq,bD9Zu0RHF0Vk1WGtyTAScOiZKRg2
1716114851807,C3frxp2RDJ2quWKc9mqN,qMHVQGPKvNMdZLX8YnPH29ZYoyG3
1717062728922,JnzHTPdXIKHZfSHEBZi2,X5pSoHXR7oa4XH90Mg3huDaWASt1
1717353936662,ukOy5p9BTcLnucbZtfXO,RM7mi4SVvGhIydxwmmt6djQQL3D3
1714825468870,C3frxp2RDJ2quWKc9mqN,SF41IxDyM4RSbTEsLNV1TP7JhdE2
1716633607240,RF0Gh7aSA6hQiQ4ltqoX,qMHVQGPKvNMdZLX8YnPH29ZYoyG3
1716698331646,RF0Gh7aSA6hQiQ4ltqoX,z5Vl3tUSRgalHfSho6JFNkpjxpn1
1716799479919,DbgjnYkafnpM6OubiPf3,RPS3Z11YiGgEf0wCKcGp6lBu1a02
1716831442289,C3frxp2RDJ2quWKc9mqN,qMHVQGPKvNMdZLX8YnPH29ZYoyG3
1716045612086,XSMZkpA4YsDjsAB94SWu,erTb8ZSFbaQH1hUIRYvVoOEoAOm1
1716792203033,wRknLouXo7dk7IMavsQ8,FHqdFsrj4ZYPZL6AvuSUjOHnSiL2
1716057199170,KZyZa9pEBuGrFOp4Vweq,qMHVQGPKvNMdZLX8YnPH29ZYoyG3
1716636694889,KZyZa9pEBuGrFOp4Vweq,I6elAlW14FXyawwu9ri0ANirM0x1
1717449011403,KZyZa9pEBuGrFOp4Vweq,7odmEfSWmpOK0yXpKAux6oD84n33
1716139245335,RF0Gh7aSA6hQiQ4ltqoX,qMHVQGPKvNMdZLX8YnPH29ZYoyG3
1716635477223,PZUjDYMnd7MdNZZFQ07C,ffFOXVzeR2VK49LNLOTrVK2u6DV2
1716283263444,RF0Gh7aSA6hQiQ4ltqoX,HRlzktBMSpQHtMD2P0Rm7KcXber2
1717006210733,jWwIcd1tNfkAaJo62njO,DFZU3UfzhgRM1sHo3poKO1nioqF2
1717401265168,wRknLouXo7dk7IMavsQ8,Mdfom8mcVVZZ2iOaz2oJuUp9mhC2
1716980402801,YJPGNNffL2VFqwmdoFFG,8H4CV34KQHgrMj1DLy4J2NwlF5e2
1717101922871,YJPGNNffL2VFqwmdoFFG,miy7809XCNhXj9Bv0VfPYXob3AD2
1715855269011,YJPGNNffL2VFqwmdoFFG,914umpyeZkY5lglo8KGumeZWF002
1715972069691,YJPGNNffL2VFqwmdoFFG,313VQeWKBWVSt90xfJKK0Y803ga2
1717615669216,PLlrrcpMxYZxXVa1jUhv,z5Vl3tUSRgalHfSho6JFNkpjxpn1
1716744321630,RF0Gh7aSA6hQiQ4ltqoX,z5Vl3tUSRgalHfSho6JFNkpjxpn1
1717006203383,ukOy5p9BTcLnucbZtfXO,DFZU3UfzhgRM1sHo3poKO1nioqF2
1717061888707,3wdruIJ01ALCZxosRmpU,X5pSoHXR7oa4XH90Mg3huDaWASt1
1717449025420,X8IIXOQhGCFdK9TmKLfu,7odmEfSWmpOK0yXpKAux6oD84n33
1715871200257,RF0Gh7aSA6hQiQ4ltqoX,914umpyeZkY5lglo8KGumeZWF002
1715628390227,I6AWdAj1WnDyzCVW312E,qMHVQGPKvNMdZLX8YnPH29ZYoyG3
1717943948931,3wdruIJ01ALCZxosRmpU,g1Os1DQ1U9UxVfYBnLKIl03XTEm2
1715956141834,YJPGNNffL2VFqwmdoFFG,z5Vl3tUSRgalHfSho6JFNkpjxpn1
1716028001564,I6AWdAj1WnDyzCVW312E,z5Vl3tUSRgalHfSho6JFNkpjxpn1
1717867850553,C3frxp2RDJ2quWKc9mqN,sJHi3tHqLLOnTwSlvhvLGIKeimD2
1716666815730,P3QgwEo7k03TszLkDKQe,iAooyGTe0sVTTvfpNpQHg2hKTuv1
1717448877961,C3frxp2RDJ2quWKc9mqN,7odmEfSWmpOK0yXpKAux6oD84n33
1716308348656,3wdruIJ01ALCZxosRmpU,qMHVQGPKvNMdZLX8YnPH29ZYoyG3
1716126875725,YJPGNNffL2VFqwmdoFFG,qMHVQGPKvNMdZLX8YnPH29ZYoyG3
1716029219524,ukOy5p9BTcLnucbZtfXO,qMHVQGPKvNMdZLX8YnPH29ZYoyG3
1716743280246,JnzHTPdXIKHZfSHEBZi2,AkK9DilFPCOis7c5aImtHk8Ui5m1
1715165043770,I6AWdAj1WnDyzCVW312E,914umpyeZkY5lglo8KGumeZWF002
1716792503138,jWwIcd1tNfkAaJo62njO,FHqdFsrj4ZYPZL6AvuSUjOHnSiL2
1716067259841,KlUP2Zv1omUxFNp4HwCs,yK8bHykMuPg4KqJof3jeuMI7Dn72
1715628325774,PLlrrcpMxYZxXVa1jUhv,qMHVQGPKvNMdZLX8YnPH29ZYoyG3
1715971748506,jWwIcd1tNfkAaJo62njO,313VQeWKBWVSt90xfJKK0Y803ga2
1717440284272,PLlrrcpMxYZxXVa1jUhv,qMHVQGPKvNMdZLX8YnPH29ZYoyG3
1716773360956,YJPGNNffL2VFqwmdoFFG,g1Os1DQ1U9UxVfYBnLKIl03XTEm2
1717063107774,3wdruIJ01ALCZxosRmpU,X5pSoHXR7oa4XH90Mg3huDaWASt1
1716631424573,ukOy5p9BTcLnucbZtfXO,qMHVQGPKvNMdZLX8YnPH29ZYoyG3
1715953396898,YJPGNNffL2VFqwmdoFFG,qMHVQGPKvNMdZLX8YnPH29ZYoyG3
1716466012647,XSMZkpA4YsDjsAB94SWu,axYHQ2yjnTdwLf6R7eP5LKm82Y53
1716534685908,C3frxp2RDJ2quWKc9mqN,NaPJhyyglGO5W5en9C6P4BoUXof2
1716044964821,RF0Gh7aSA6hQiQ4ltqoX,z5Vl3tUSRgalHfSho6JFNkpjxpn1
1717422567975,C3frxp2RDJ2quWKc9mqN,xd90PSoHbugHnzRD3eqHotP076X2
1716773320858,kkjvZAJtoLaxiVNDU2VG,g1Os1DQ1U9UxVfYBnLKIl03XTEm2
1715855258447,jWwIcd1tNfkAaJo62njO,914umpyeZkY5lglo8KGumeZWF002
1716635409786,KlUP2Zv1omUxFNp4HwCs,ffFOXVzeR2VK49LNLOTrVK2u6DV2
1717422293795,RF0Gh7aSA6hQiQ4ltqoX,xd90PSoHbugHnzRD3eqHotP076X2
1716041511145,C3frxp2RDJ2quWKc9mqN,87e8FtLhawXUWZ2rR1FXpBZ2Mtz2
1716646609965,C3frxp2RDJ2quWKc9mqN,qMHVQGPKvNMdZLX8YnPH29ZYoyG3
1716742929571,DbgjnYkafnpM6OubiPf3,AkK9DilFPCOis7c5aImtHk8Ui5m1
1716036976755,C3frxp2RDJ2quWKc9mqN,03HAO5vU6BOlF3NSeYVTzyRaJ6W2
1717061914717,m9efa6bdwh24az6SlL9K,X5pSoHXR7oa4XH90Mg3huDaWASt1
1716644038894,YJPGNNffL2VFqwmdoFFG,qMHVQGPKvNMdZLX8YnPH29ZYoyG3
1716637312299,C3frxp2RDJ2quWKc9mqN,I6elAlW14FXyawwu9ri0ANirM0x1
1715103188043,I6AWdAj1WnDyzCVW312E,qMHVQGPKvNMdZLX8YnPH29ZYoyG3
1716638350173,RF0Gh7aSA6hQiQ4ltqoX,qMHVQGPKvNMdZLX8YnPH29ZYoyG3
1716792447032,JnzHTPdXIKHZfSHEBZi2,FHqdFsrj4ZYPZL6AvuSUjOHnSiL2
1717449288970,3wdruIJ01ALCZxosRmpU,7odmEfSWmpOK0yXpKAux6oD84n33
1717490324640,wRknLouXo7dk7IMavsQ8,xAMdtkw2WJcF7BJ2cPyscJzMosa2
1717605227567,3wdruIJ01ALCZxosRmpU,313VQeWKBWVSt90xfJKK0Y803ga2
1716129109965,jWwIcd1tNfkAaJo62njO,qMHVQGPKvNMdZLX8YnPH29ZYoyG3
1716635398217,PLlrrcpMxYZxXVa1jUhv,ffFOXVzeR2VK49LNLOTrVK2u6DV2
1717338096991,XSMZkpA4YsDjsAB94SWu,2MQXbrefhTbyejpLcfrEkn01rSz1
1715628299004,KZyZa9pEBuGrFOp4Vweq,qMHVQGPKvNMdZLX8YnPH29ZYoyG3
1716031530704,C3frxp2RDJ2quWKc9mqN,z5Vl3tUSRgalHfSho6JFNkpjxpn1
1716636827809,RF0Gh7aSA6hQiQ4ltqoX,I6elAlW14FXyawwu9ri0ANirM0x1
1716636915575,kkjvZAJtoLaxiVNDU2VG,I6elAlW14FXyawwu9ri0ANirM0x1
1715956099036,jWwIcd1tNfkAaJo62njO,z5Vl3tUSRgalHfSho6JFNkpjxpn1
1715955594900,jWwIcd1tNfkAaJo62njO,b6aunqCXt4RLfdmcQLxYZR1F6W33
1715871333964,JnzHTPdXIKHZfSHEBZi2,914umpyeZkY5lglo8KGumeZWF002
1715855242256,C3frxp2RDJ2quWKc9mqN,914umpyeZkY5lglo8KGumeZWF002
1714826365729,jWwIcd1tNfkAaJo62njO,z5Vl3tUSRgalHfSho6JFNkpjxpn1
1715953596836,6rpkh8W5T2XyNQbvuCPd,qMHVQGPKvNMdZLX8YnPH29ZYoyG3
1715628351643,3wdruIJ01ALCZxosRmpU,qMHVQGPKvNMdZLX8YnPH29ZYoyG3
1716029279298,xrIvvNLPdmEa5LGyevNf,qMHVQGPKvNMdZLX8YnPH29ZYoyG3
1716792406822,I6AWdAj1WnDyzCVW312E,FHqdFsrj4ZYPZL6AvuSUjOHnSiL2
1716742940732,I6AWdAj1WnDyzCVW312E,AkK9DilFPCOis7c5aImtHk8Ui5m1
1715628257141,xrIvvNLPdmEa5LGyevNf,qMHVQGPKvNMdZLX8YnPH29ZYoyG3
1716127485078,C3frxp2RDJ2quWKc9mqN,qMHVQGPKvNMdZLX8YnPH29ZYoyG3
1716049197224,JnzHTPdXIKHZfSHEBZi2,qMHVQGPKvNMdZLX8YnPH29ZYoyG3
1716639944766,RF0Gh7aSA6hQiQ4ltqoX,qMHVQGPKvNMdZLX8YnPH29ZYoyG3
1715956913085,GRojSHY5EvVgbqhrZ2zC,b6aunqCXt4RLfdmcQLxYZR1F6W33
1716136221449,YJPGNNffL2VFqwmdoFFG,qMHVQGPKvNMdZLX8YnPH29ZYoyG3
1716136209358,YJPGNNffL2VFqwmdoFFG,qMHVQGPKvNMdZLX8YnPH29ZYoyG3
1717760000886,PLlrrcpMxYZxXVa1jUhv,313VQeWKBWVSt90xfJKK0Y803ga2
1716635468050,6rpkh8W5T2XyNQbvuCPd,ffFOXVzeR2VK49LNLOTrVK2u6DV2
1717422625776,YJPGNNffL2VFqwmdoFFG,xd90PSoHbugHnzRD3eqHotP076X2
1716904251265,I6AWdAj1WnDyzCVW312E,hA911Hr90KPbY6yO0OACx8tP2NE2
1715354398451,I6AWdAj1WnDyzCVW312E,z5Vl3tUSRgalHfSho6JFNkpjxpn1
1716027976239,I6AWdAj1WnDyzCVW312E,z5Vl3tUSRgalHfSho6JFNkpjxpn1
1716128482012,jWwIcd1tNfkAaJo62njO,z5Vl3tUSRgalHfSho6JFNkpjxpn1
1715166456544,I6AWdAj1WnDyzCVW312E,914umpyeZkY5lglo8KGumeZWF002
1716792223349,JnzHTPdXIKHZfSHEBZi2,FHqdFsrj4ZYPZL6AvuSUjOHnSiL2
1717063127271,wRknLouXo7dk7IMavsQ8,X5pSoHXR7oa4XH90Mg3huDaWASt1
1715431118486,I6AWdAj1WnDyzCVW312E,914umpyeZkY5lglo8KGumeZWF002
1717777961163,C3frxp2RDJ2quWKc9mqN,VACXPdk4TsUF70UeduW2icfq9X62
1717906306048,C3frxp2RDJ2quWKc9mqN,87e8FtLhawXUWZ2rR1FXpBZ2Mtz2
1715875126750,DbgjnYkafnpM6OubiPf3,hA911Hr90KPbY6yO0OACx8tP2NE2
1715628189433,ukOy5p9BTcLnucbZtfXO,qMHVQGPKvNMdZLX8YnPH29ZYoyG3
1717966232156,C3frxp2RDJ2quWKc9mqN,RM7mi4SVvGhIydxwmmt6djQQL3D3
1716666900596,xrIvvNLPdmEa5LGyevNf,iAooyGTe0sVTTvfpNpQHg2hKTuv1
1716027829666,YJPGNNffL2VFqwmdoFFG,qMHVQGPKvNMdZLX8YnPH29ZYoyG3
1717930091156,I6AWdAj1WnDyzCVW312E,z5Vl3tUSRgalHfSho6JFNkpjxpn1
1716640043376,C3frxp2RDJ2quWKc9mqN,qMHVQGPKvNMdZLX8YnPH29ZYoyG3
1716132416980,C3frxp2RDJ2quWKc9mqN,qMHVQGPKvNMdZLX8YnPH29ZYoyG3
1716067265432,xrIvvNLPdmEa5LGyevNf,yK8bHykMuPg4KqJof3jeuMI7Dn72
1717062007155,wRknLouXo7dk7IMavsQ8,X5pSoHXR7oa4XH90Mg3huDaWASt1
1716466059506,DbgjnYkafnpM6OubiPf3,axYHQ2yjnTdwLf6R7eP5LKm82Y53
1717401303953,PLlrrcpMxYZxXVa1jUhv,Mdfom8mcVVZZ2iOaz2oJuUp9mhC2
1716041519342,C3frxp2RDJ2quWKc9mqN,87e8FtLhawXUWZ2rR1FXpBZ2Mtz2
1716029145773,C3frxp2RDJ2quWKc9mqN,qMHVQGPKvNMdZLX8YnPH29ZYoyG3
1716635426116,Gw3lI40xWXS4MS7tsmY8,ffFOXVzeR2VK49LNLOTrVK2u6DV2
1715870820996,XSMZkpA4YsDjsAB94SWu,914umpyeZkY5lglo8KGumeZWF002
1717930889232,I6AWdAj1WnDyzCVW312E,z5Vl3tUSRgalHfSho6JFNkpjxpn1
1716584762807,C3frxp2RDJ2quWKc9mqN,z5Vl3tUSRgalHfSho6JFNkpjxpn1
1717338042483,jWwIcd1tNfkAaJo62njO,2MQXbrefhTbyejpLcfrEkn01rSz1
1716773328548,C3frxp2RDJ2quWKc9mqN,g1Os1DQ1U9UxVfYBnLKIl03XTEm2
1716051207745,RF0Gh7aSA6hQiQ4ltqoX,qMHVQGPKvNMdZLX8YnPH29ZYoyG3
1716636779021,I6AWdAj1WnDyzCVW312E,I6elAlW14FXyawwu9ri0ANirM0x1
1716744375573,RF0Gh7aSA6hQiQ4ltqoX,z5Vl3tUSRgalHfSho6JFNkpjxpn1
1717008813566,RF0Gh7aSA6hQiQ4ltqoX,qMHVQGPKvNMdZLX8YnPH29ZYoyG3
1717352482808,JnzHTPdXIKHZfSHEBZi2,2Dnk3xqJF6NF4ZJWcA7f2zrlnO13
1716649641784,C3frxp2RDJ2quWKc9mqN,qMHVQGPKvNMdZLX8YnPH29ZYoyG3
1716131614815,YJPGNNffL2VFqwmdoFFG,qMHVQGPKvNMdZLX8YnPH29ZYoyG3
1717008863101,jWwIcd1tNfkAaJo62njO,qMHVQGPKvNMdZLX8YnPH29ZYoyG3
1717449301700,2fkGUlfCAjiJ1sF9MxY0,7odmEfSWmpOK0yXpKAux6oD84n33
1716635422007,2fkGUlfCAjiJ1sF9MxY0,ffFOXVzeR2VK49LNLOTrVK2u6DV2
1716635457920,X8IIXOQhGCFdK9TmKLfu,ffFOXVzeR2VK49LNLOTrVK2u6DV2
1716044214885,C3frxp2RDJ2quWKc9mqN,87e8FtLhawXUWZ2rR1FXpBZ2Mtz2
1716644007987,C3frxp2RDJ2quWKc9mqN,qMHVQGPKvNMdZLX8YnPH29ZYoyG3
1716628329475,jWwIcd1tNfkAaJo62njO,qMHVQGPKvNMdZLX8YnPH29ZYoyG3
1716904373031,GRojSHY5EvVgbqhrZ2zC,hA911Hr90KPbY6yO0OACx8tP2NE2
1716649596685,RF0Gh7aSA6hQiQ4ltqoX,qMHVQGPKvNMdZLX8YnPH29ZYoyG3
1717782271374,3wdruIJ01ALCZxosRmpU,qMHVQGPKvNMdZLX8YnPH29ZYoyG3
1717428185481,KZyZa9pEBuGrFOp4Vweq,z5Vl3tUSRgalHfSho6JFNkpjxpn1
1717612965182,PLlrrcpMxYZxXVa1jUhv,313VQeWKBWVSt90xfJKK0Y803ga2
1716536346161,C3frxp2RDJ2quWKc9mqN,OFfw0tOPqLfFbMCfwNoVYcxKNJf1
1715955567879,RF0Gh7aSA6hQiQ4ltqoX,b6aunqCXt4RLfdmcQLxYZR1F6W33
1716033622004,C3frxp2RDJ2quWKc9mqN,qMHVQGPKvNMdZLX8YnPH29ZYoyG3
1716742999894,X8IIXOQhGCFdK9TmKLfu,AkK9DilFPCOis7c5aImtHk8Ui5m1
1716636683411,KlUP2Zv1omUxFNp4HwCs,I6elAlW14FXyawwu9ri0ANirM0x1
1717061868375,DbgjnYkafnpM6OubiPf3,X5pSoHXR7oa4XH90Mg3huDaWASt1
1716652654959,C3frxp2RDJ2quWKc9mqN,qMHVQGPKvNMdZLX8YnPH29ZYoyG3
1717785691176,I6AWdAj1WnDyzCVW312E,z5Vl3tUSRgalHfSho6JFNkpjxpn1
1717353863413,KZyZa9pEBuGrFOp4Vweq,RM7mi4SVvGhIydxwmmt6djQQL3D3
1716037848820,YJPGNNffL2VFqwmdoFFG,qMHVQGPKvNMdZLX8YnPH29ZYoyG3
1716037950632,YJPGNNffL2VFqwmdoFFG,z5Vl3tUSRgalHfSho6JFNkpjxpn1
1716744765433,RF0Gh7aSA6hQiQ4ltqoX,z5Vl3tUSRgalHfSho6JFNkpjxpn1
1717530416698,Gw3lI40xWXS4MS7tsmY8,sJHi3tHqLLOnTwSlvhvLGIKeimD2
1717530501766,xrIvvNLPdmEa5LGyevNf,sJHi3tHqLLOnTwSlvhvLGIKeimD2
1716128472255,YJPGNNffL2VFqwmdoFFG,qMHVQGPKvNMdZLX8YnPH29ZYoyG3
1715788808596,I6AWdAj1WnDyzCVW312E,z5Vl3tUSRgalHfSho6JFNkpjxpn1
1715870894560,YJPGNNffL2VFqwmdoFFG,914umpyeZkY5lglo8KGumeZWF002
1716466052565,PZUjDYMnd7MdNZZFQ07C,axYHQ2yjnTdwLf6R7eP5LKm82Y53
1717353882177,DbgjnYkafnpM6OubiPf3,RM7mi4SVvGhIydxwmmt6djQQL3D3
1717440347412,C3frxp2RDJ2quWKc9mqN,qMHVQGPKvNMdZLX8YnPH29ZYoyG3
1716636884970,PZUjDYMnd7MdNZZFQ07C,I6elAlW14FXyawwu9ri0ANirM0x1
1716036065023,jWwIcd1tNfkAaJo62njO,qMHVQGPKvNMdZLX8YnPH29ZYoyG3
1716644811003,KZyZa9pEBuGrFOp4Vweq,z5Vl3tUSRgalHfSho6JFNkpjxpn1
1716642521860,jWwIcd1tNfkAaJo62njO,qMHVQGPKvNMdZLX8YnPH29ZYoyG3
1716630378876,3wdruIJ01ALCZxosRmpU,qMHVQGPKvNMdZLX8YnPH29ZYoyG3
1716044812990,C3frxp2RDJ2quWKc9mqN,87e8FtLhawXUWZ2rR1FXpBZ2Mtz2
1717448998220,wRknLouXo7dk7IMavsQ8,7odmEfSWmpOK0yXpKAux6oD84n33
1717530441003,3wdruIJ01ALCZxosRmpU,sJHi3tHqLLOnTwSlvhvLGIKeimD2
1716133893871,3wdruIJ01ALCZxosRmpU,GzZT4dNYCbRjK0TBq4Sre4jcYGh1
1716465889726,C3frxp2RDJ2quWKc9mqN,axYHQ2yjnTdwLf6R7eP5LKm82Y53
1716733404212,KZyZa9pEBuGrFOp4Vweq,m5LXPhXcsVfmlVuGJs7GJiaR18J3
1716828045917,RF0Gh7aSA6hQiQ4ltqoX,z5Vl3tUSRgalHfSho6JFNkpjxpn1
1716465930508,jWwIcd1tNfkAaJo62njO,axYHQ2yjnTdwLf6R7eP5LKm82Y53
1716650110147,ukOy5p9BTcLnucbZtfXO,qMHVQGPKvNMdZLX8YnPH29ZYoyG3
1717503476725,xrIvvNLPdmEa5LGyevNf,omfHlCaqhLN7VprUtxb6IsvPNcr2
1716465885180,GRojSHY5EvVgbqhrZ2zC,axYHQ2yjnTdwLf6R7eP5LKm82Y53
1716308329880,RF0Gh7aSA6hQiQ4ltqoX,qMHVQGPKvNMdZLX8YnPH29ZYoyG3
1716044825842,C3frxp2RDJ2quWKc9mqN,87e8FtLhawXUWZ2rR1FXpBZ2Mtz2
1716046198200,ukOy5p9BTcLnucbZtfXO,qMHVQGPKvNMdZLX8YnPH29ZYoyG3
1716635474093,DbgjnYkafnpM6OubiPf3,ffFOXVzeR2VK49LNLOTrVK2u6DV2
1715871032905,DbgjnYkafnpM6OubiPf3,914umpyeZkY5lglo8KGumeZWF002
1716123717276,YJPGNNffL2VFqwmdoFFG,qMHVQGPKvNMdZLX8YnPH29ZYoyG3
1715957167258,I6AWdAj1WnDyzCVW312E,b6aunqCXt4RLfdmcQLxYZR1F6W33
1716635429657,YJPGNNffL2VFqwmdoFFG,ffFOXVzeR2VK49LNLOTrVK2u6DV2
1715379198154,JnzHTPdXIKHZfSHEBZi2,z5Vl3tUSRgalHfSho6JFNkpjxpn1
1715707223644,I6AWdAj1WnDyzCVW312E,z5Vl3tUSRgalHfSho6JFNkpjxpn1
1716796397713,YJPGNNffL2VFqwmdoFFG,FHqdFsrj4ZYPZL6AvuSUjOHnSiL2
1717352209347,GRojSHY5EvVgbqhrZ2zC,2Dnk3xqJF6NF4ZJWcA7f2zrlnO13
1714830792964,I6AWdAj1WnDyzCVW312E,qMHVQGPKvNMdZLX8YnPH29ZYoyG3
1716117266283,RF0Gh7aSA6hQiQ4ltqoX,qMHVQGPKvNMdZLX8YnPH29ZYoyG3
1715971785287,jWwIcd1tNfkAaJo62njO,313VQeWKBWVSt90xfJKK0Y803ga2
1715855306504,2fkGUlfCAjiJ1sF9MxY0,914umpyeZkY5lglo8KGumeZWF002
1717605216023,PLlrrcpMxYZxXVa1jUhv,313VQeWKBWVSt90xfJKK0Y803ga2
1716831204486,GRojSHY5EvVgbqhrZ2zC,qMHVQGPKvNMdZLX8YnPH29ZYoyG3
1716641690753,YJPGNNffL2VFqwmdoFFG,qMHVQGPKvNMdZLX8YnPH29ZYoyG3
1717243327702,I6AWdAj1WnDyzCVW312E,z5Vl3tUSRgalHfSho6JFNkpjxpn1
1715628196218,YJPGNNffL2VFqwmdoFFG,qMHVQGPKvNMdZLX8YnPH29ZYoyG3
1715932554051,YJPGNNffL2VFqwmdoFFG,z5Vl3tUSRgalHfSho6JFNkpjxpn1
1717612994055,wRknLouXo7dk7IMavsQ8,313VQeWKBWVSt90xfJKK0Y803ga2
1717482402659,YJPGNNffL2VFqwmdoFFG,1kftiDxaQlT4N0NFXV4Ff70KgBF3
1716743212539,ukOy5p9BTcLnucbZtfXO,AkK9DilFPCOis7c5aImtHk8Ui5m1
1716049152796,YJPGNNffL2VFqwmdoFFG,qMHVQGPKvNMdZLX8YnPH29ZYoyG3
1715870793923,ukOy5p9BTcLnucbZtfXO,914umpyeZkY5lglo8KGumeZWF002
1715953480972,RF0Gh7aSA6hQiQ4ltqoX,qMHVQGPKvNMdZLX8YnPH29ZYoyG3
1716115908720,C3frxp2RDJ2quWKc9mqN,qMHVQGPKvNMdZLX8YnPH29ZYoyG3
1715540082334,I6AWdAj1WnDyzCVW312E,qMHVQGPKvNMdZLX8YnPH29ZYoyG3
1716637557308,RF0Gh7aSA6hQiQ4ltqoX,qMHVQGPKvNMdZLX8YnPH29ZYoyG3
1716054919075,3wdruIJ01ALCZxosRmpU,qMHVQGPKvNMdZLX8YnPH29ZYoyG3
1715100272016,I6AWdAj1WnDyzCVW312E,qMHVQGPKvNMdZLX8YnPH29ZYoyG3
1714833471206,I6AWdAj1WnDyzCVW312E,914umpyeZkY5lglo8KGumeZWF002
1716628344487,C3frxp2RDJ2quWKc9mqN,qMHVQGPKvNMdZLX8YnPH29ZYoyG3
1717353853451,KZyZa9pEBuGrFOp4Vweq,RM7mi4SVvGhIydxwmmt6djQQL3D3
1716123827323,RF0Gh7aSA6hQiQ4ltqoX,qMHVQGPKvNMdZLX8YnPH29ZYoyG3
1717694103560,YJPGNNffL2VFqwmdoFFG,z5Vl3tUSRgalHfSho6JFNkpjxpn1
1716044768435,YJPGNNffL2VFqwmdoFFG,qMHVQGPKvNMdZLX8YnPH29ZYoyG3
1715166616590,I6AWdAj1WnDyzCVW312E,914umpyeZkY5lglo8KGumeZWF002
1717352121492,jWwIcd1tNfkAaJo62njO,2Dnk3xqJF6NF4ZJWcA7f2zrlnO13
1716045428126,GRojSHY5EvVgbqhrZ2zC,87e8FtLhawXUWZ2rR1FXpBZ2Mtz2
1716831312806,YJPGNNffL2VFqwmdoFFG,qMHVQGPKvNMdZLX8YnPH29ZYoyG3
1717490391410,X8IIXOQhGCFdK9TmKLfu,xAMdtkw2WJcF7BJ2cPyscJzMosa2
1716743379230,RF0Gh7aSA6hQiQ4ltqoX,AkK9DilFPCOis7c5aImtHk8Ui5m1
1717062796441,YJPGNNffL2VFqwmdoFFG,X5pSoHXR7oa4XH90Mg3huDaWASt1
1715707595503,C3frxp2RDJ2quWKc9mqN,qMHVQGPKvNMdZLX8YnPH29ZYoyG3
1716465672735,JnzHTPdXIKHZfSHEBZi2,axYHQ2yjnTdwLf6R7eP5LKm82Y53
1716812294022,3wdruIJ01ALCZxosRmpU,g1Os1DQ1U9UxVfYBnLKIl03XTEm2
1716037870603,GRojSHY5EvVgbqhrZ2zC,z5Vl3tUSRgalHfSho6JFNkpjxpn1
1714826801933,I6AWdAj1WnDyzCVW312E,914umpyeZkY5lglo8KGumeZWF002
1717350573875,C3frxp2RDJ2quWKc9mqN,omfHlCaqhLN7VprUtxb6IsvPNcr2
1717931633606,I6AWdAj1WnDyzCVW312E,z5Vl3tUSRgalHfSho6JFNkpjxpn1
1716054936550,RF0Gh7aSA6hQiQ4ltqoX,qMHVQGPKvNMdZLX8YnPH29ZYoyG3
1717353960581,YJPGNNffL2VFqwmdoFFG,RM7mi4SVvGhIydxwmmt6djQQL3D3
1714650635845,I6AWdAj1WnDyzCVW312E,914umpyeZkY5lglo8KGumeZWF002
1717061993144,PLlrrcpMxYZxXVa1jUhv,X5pSoHXR7oa4XH90Mg3huDaWASt1
1715628320313,KZyZa9pEBuGrFOp4Vweq,qMHVQGPKvNMdZLX8YnPH29ZYoyG3
1717352076020,C3frxp2RDJ2quWKc9mqN,2Dnk3xqJF6NF4ZJWcA7f2zrlnO13
1717352145728,jWwIcd1tNfkAaJo62njO,2Dnk3xqJF6NF4ZJWcA7f2zrlnO13
1717530372567,GRojSHY5EvVgbqhrZ2zC,sJHi3tHqLLOnTwSlvhvLGIKeimD2
1714838665636,I6AWdAj1WnDyzCVW312E,qMHVQGPKvNMdZLX8YnPH29ZYoyG3
1717102368210,YJPGNNffL2VFqwmdoFFG,miy7809XCNhXj9Bv0VfPYXob3AD2
1717439859327,RF0Gh7aSA6hQiQ4ltqoX,qMHVQGPKvNMdZLX8YnPH29ZYoyG3
1714650069485,C3frxp2RDJ2quWKc9mqN,914umpyeZkY5lglo8KGumeZWF002
1716584859331,KZyZa9pEBuGrFOp4Vweq,z5Vl3tUSRgalHfSho6JFNkpjxpn1
1715628307952,JnzHTPdXIKHZfSHEBZi2,qMHVQGPKvNMdZLX8YnPH29ZYoyG3
1716116136391,PLlrrcpMxYZxXVa1jUhv,qMHVQGPKvNMdZLX8YnPH29ZYoyG3
1716743166149,C3frxp2RDJ2quWKc9mqN,AkK9DilFPCOis7c5aImtHk8Ui5m1
1717063144979,X8IIXOQhGCFdK9TmKLfu,X5pSoHXR7oa4XH90Mg3huDaWASt1
1715628245878,3wdruIJ01ALCZxosRmpU,qMHVQGPKvNMdZLX8YnPH29ZYoyG3
1717352493213,C3frxp2RDJ2quWKc9mqN,2Dnk3xqJF6NF4ZJWcA7f2zrlnO13
1716631152021,3wdruIJ01ALCZxosRmpU,qMHVQGPKvNMdZLX8YnPH29ZYoyG3
1717352346732,C3frxp2RDJ2quWKc9mqN,2Dnk3xqJF6NF4ZJWcA7f2zrlnO13
1716044256445,C3frxp2RDJ2quWKc9mqN,87e8FtLhawXUWZ2rR1FXpBZ2Mtz2
1716534477496,3wdruIJ01ALCZxosRmpU,NaPJhyyglGO5W5en9C6P4BoUXof2
1716044109174,RF0Gh7aSA6hQiQ4ltqoX,qMHVQGPKvNMdZLX8YnPH29ZYoyG3
1715099534443,jWwIcd1tNfkAaJo62njO,z5Vl3tUSRgalHfSho6JFNkpjxpn1
1716634777674,RF0Gh7aSA6hQiQ4ltqoX,qMHVQGPKvNMdZLX8YnPH29ZYoyG3
1716466175824,RF0Gh7aSA6hQiQ4ltqoX,axYHQ2yjnTdwLf6R7eP5LKm82Y53
1717605279902,PLlrrcpMxYZxXVa1jUhv,313VQeWKBWVSt90xfJKK0Y803ga2
1715871326430,PLlrrcpMxYZxXVa1jUhv,914umpyeZkY5lglo8KGumeZWF002
1716904218895,DbgjnYkafnpM6OubiPf3,hA911Hr90KPbY6yO0OACx8tP2NE2
1716773284828,JnzHTPdXIKHZfSHEBZi2,g1Os1DQ1U9UxVfYBnLKIl03XTEm2
1716773297947,X8IIXOQhGCFdK9TmKLfu,g1Os1DQ1U9UxVfYBnLKIl03XTEm2
1715757642718,3wdruIJ01ALCZxosRmpU,z5Vl3tUSRgalHfSho6JFNkpjxpn1
1716630562327,3wdruIJ01ALCZxosRmpU,qMHVQGPKvNMdZLX8YnPH29ZYoyG3
1716057107357,RF0Gh7aSA6hQiQ4ltqoX,qMHVQGPKvNMdZLX8YnPH29ZYoyG3
1715099710991,I6AWdAj1WnDyzCVW312E,qMHVQGPKvNMdZLX8YnPH29ZYoyG3
1716637384199,jWwIcd1tNfkAaJo62njO,I6elAlW14FXyawwu9ri0ANirM0x1
1715870704198,jWwIcd1tNfkAaJo62njO,914umpyeZkY5lglo8KGumeZWF002
1716636479610,YJPGNNffL2VFqwmdoFFG,qMHVQGPKvNMdZLX8YnPH29ZYoyG3
1716733430700,xrIvvNLPdmEa5LGyevNf,m5LXPhXcsVfmlVuGJs7GJiaR18J3
1717867844426,kkjvZAJtoLaxiVNDU2VG,sJHi3tHqLLOnTwSlvhvLGIKeimD2
1715971573623,C3frxp2RDJ2quWKc9mqN,313VQeWKBWVSt90xfJKK0Y803ga2
1717063188299,JnzHTPdXIKHZfSHEBZi2,X5pSoHXR7oa4XH90Mg3huDaWASt1
1717605206052,3wdruIJ01ALCZxosRmpU,313VQeWKBWVSt90xfJKK0Y803ga2
1716031676854,jWwIcd1tNfkAaJo62njO,z5Vl3tUSRgalHfSho6JFNkpjxpn1
1717352305578,jWwIcd1tNfkAaJo62njO,2Dnk3xqJF6NF4ZJWcA7f2zrlnO13
1717062828826,YJPGNNffL2VFqwmdoFFG,X5pSoHXR7oa4XH90Mg3huDaWASt1
1717422310178,jWwIcd1tNfkAaJo62njO,xd90PSoHbugHnzRD3eqHotP076X2
1715378868456,RF0Gh7aSA6hQiQ4ltqoX,z5Vl3tUSRgalHfSho6JFNkpjxpn1
1717353945754,jWwIcd1tNfkAaJo62njO,RM7mi4SVvGhIydxwmmt6djQQL3D3
1717008857617,C3frxp2RDJ2quWKc9mqN,qMHVQGPKvNMdZLX8YnPH29ZYoyG3
1716047401053,YJPGNNffL2VFqwmdoFFG,qMHVQGPKvNMdZLX8YnPH29ZYoyG3
1716033584859,C3frxp2RDJ2quWKc9mqN,qMHVQGPKvNMdZLX8YnPH29ZYoyG3
1717428768247,KZyZa9pEBuGrFOp4Vweq,z5Vl3tUSRgalHfSho6JFNkpjxpn1
1715757648294,xrIvvNLPdmEa5LGyevNf,z5Vl3tUSRgalHfSho6JFNkpjxpn1
1716743005310,KZyZa9pEBuGrFOp4Vweq,AkK9DilFPCOis7c5aImtHk8Ui5m1
1716904228320,I6AWdAj1WnDyzCVW312E,hA911Hr90KPbY6yO0OACx8tP2NE2
1715875023472,DbgjnYkafnpM6OubiPf3,hA911Hr90KPbY6yO0OACx8tP2NE2
1716637402381,osHwnQTP7wpBpBeVE2s7,I6elAlW14FXyawwu9ri0ANirM0x1
1716698241950,I6AWdAj1WnDyzCVW312E,z5Vl3tUSRgalHfSho6JFNkpjxpn1
1717348126311,RF0Gh7aSA6hQiQ4ltqoX,omfHlCaqhLN7VprUtxb6IsvPNcr2
1716045093491,C3frxp2RDJ2quWKc9mqN,87e8FtLhawXUWZ2rR1FXpBZ2Mtz2
1716474273714,kkjvZAJtoLaxiVNDU2VG,O2XVZMacTGYqtKj6BTP6oJPX9cq2
1716636723149,YJPGNNffL2VFqwmdoFFG,I6elAlW14FXyawwu9ri0ANirM0x1
1715353415340,I6AWdAj1WnDyzCVW312E,z5Vl3tUSRgalHfSho6JFNkpjxpn1
1717353900343,C3frxp2RDJ2quWKc9mqN,RM7mi4SVvGhIydxwmmt6djQQL3D3
1716633490124,YJPGNNffL2VFqwmdoFFG,qMHVQGPKvNMdZLX8YnPH29ZYoyG3
1716027125833,I6AWdAj1WnDyzCVW312E,z5Vl3tUSRgalHfSho6JFNkpjxpn1
1715764647822,I6AWdAj1WnDyzCVW312E,914umpyeZkY5lglo8KGumeZWF002
1717351889766,jWwIcd1tNfkAaJo62njO,2Dnk3xqJF6NF4ZJWcA7f2zrlnO13
1716773300384,KZyZa9pEBuGrFOp4Vweq,g1Os1DQ1U9UxVfYBnLKIl03XTEm2
1716636894012,C3frxp2RDJ2quWKc9mqN,I6elAlW14FXyawwu9ri0ANirM0x1
1717061908405,2fkGUlfCAjiJ1sF9MxY0,X5pSoHXR7oa4XH90Mg3huDaWASt1
1716636773296,osHwnQTP7wpBpBeVE2s7,qMHVQGPKvNMdZLX8YnPH29ZYoyG3
1716534538013,YJPGNNffL2VFqwmdoFFG,NaPJhyyglGO5W5en9C6P4BoUXof2
1715875157958,kkjvZAJtoLaxiVNDU2VG,hA911Hr90KPbY6yO0OACx8tP2NE2
1716799621389,kkjvZAJtoLaxiVNDU2VG,RPS3Z11YiGgEf0wCKcGp6lBu1a02
1715886002076,RF0Gh7aSA6hQiQ4ltqoX,uAncaFrlwHdOlav3P7h4cAm3bMJ3
1717351862307,C3frxp2RDJ2quWKc9mqN,2Dnk3xqJF6NF4ZJWcA7f2zrlnO13
1716646718434,RF0Gh7aSA6hQiQ4ltqoX,qMHVQGPKvNMdZLX8YnPH29ZYoyG3
1715536444260,I6AWdAj1WnDyzCVW312E,z5Vl3tUSRgalHfSho6JFNkpjxpn1
1716666874962,P3QgwEo7k03TszLkDKQe,iAooyGTe0sVTTvfpNpQHg2hKTuv1
1716132859793,C3frxp2RDJ2quWKc9mqN,qMHVQGPKvNMdZLX8YnPH29ZYoyG3
1717930087833,P3QgwEo7k03TszLkDKQe,z5Vl3tUSRgalHfSho6JFNkpjxpn1
1715785503765,I6AWdAj1WnDyzCVW312E,z5Vl3tUSRgalHfSho6JFNkpjxpn1
1715855324918,PLlrrcpMxYZxXVa1jUhv,914umpyeZkY5lglo8KGumeZWF002
1716466064913,xrIvvNLPdmEa5LGyevNf,axYHQ2yjnTdwLf6R7eP5LKm82Y53
1716057058292,3wdruIJ01ALCZxosRmpU,qMHVQGPKvNMdZLX8YnPH29ZYoyG3
1716308391009,RF0Gh7aSA6hQiQ4ltqoX,qMHVQGPKvNMdZLX8YnPH29ZYoyG3
1715707620536,RF0Gh7aSA6hQiQ4ltqoX,qMHVQGPKvNMdZLX8YnPH29ZYoyG3
1717240217769,jWwIcd1tNfkAaJo62njO,z5Vl3tUSRgalHfSho6JFNkpjxpn1
1716205586292,RF0Gh7aSA6hQiQ4ltqoX,bD9Zu0RHF0Vk1WGtyTAScOiZKRg2
1717503416281,3wdruIJ01ALCZxosRmpU,omfHlCaqhLN7VprUtxb6IsvPNcr2
1716742958510,wRknLouXo7dk7IMavsQ8,AkK9DilFPCOis7c5aImtHk8Ui5m1
1716637392176,PZUjDYMnd7MdNZZFQ07C,I6elAlW14FXyawwu9ri0ANirM0x1
1717530476896,osHwnQTP7wpBpBeVE2s7,sJHi3tHqLLOnTwSlvhvLGIKeimD2
1715379213298,KZyZa9pEBuGrFOp4Vweq,z5Vl3tUSRgalHfSho6JFNkpjxpn1
1717963853115,6rpkh8W5T2XyNQbvuCPd,313VQeWKBWVSt90xfJKK0Y803ga2
1716549116445,C3frxp2RDJ2quWKc9mqN,03HAO5vU6BOlF3NSeYVTzyRaJ6W2
1717616232237,KZyZa9pEBuGrFOp4Vweq,qMHVQGPKvNMdZLX8YnPH29ZYoyG3
1717930054042,RF0Gh7aSA6hQiQ4ltqoX,z5Vl3tUSRgalHfSho6JFNkpjxpn1
1715955683077,RF0Gh7aSA6hQiQ4ltqoX,b6aunqCXt4RLfdmcQLxYZR1F6W33
1715931957200,ukOy5p9BTcLnucbZtfXO,z5Vl3tUSRgalHfSho6JFNkpjxpn1
1717964001552,6rpkh8W5T2XyNQbvuCPd,313VQeWKBWVSt90xfJKK0Y803ga2
1716036133020,YJPGNNffL2VFqwmdoFFG,qMHVQGPKvNMdZLX8YnPH29ZYoyG3
1717063149135,KZyZa9pEBuGrFOp4Vweq,X5pSoHXR7oa4XH90Mg3huDaWASt1
1715356101996,6rpkh8W5T2XyNQbvuCPd,z5Vl3tUSRgalHfSho6JFNkpjxpn1
1716054893028,YJPGNNffL2VFqwmdoFFG,qMHVQGPKvNMdZLX8YnPH29ZYoyG3
1715462077338,RF0Gh7aSA6hQiQ4ltqoX,z5Vl3tUSRgalHfSho6JFNkpjxpn1
1714837269194,ukOy5p9BTcLnucbZtfXO,qMHVQGPKvNMdZLX8YnPH29ZYoyG3
1717101817950,YJPGNNffL2VFqwmdoFFG,miy7809XCNhXj9Bv0VfPYXob3AD2
1717428529749,PLlrrcpMxYZxXVa1jUhv,z5Vl3tUSRgalHfSho6JFNkpjxpn1
1716045637571,P3QgwEo7k03TszLkDKQe,erTb8ZSFbaQH1hUIRYvVoOEoAOm1
1716465888056,GRojSHY5EvVgbqhrZ2zC,axYHQ2yjnTdwLf6R7eP5LKm82Y53
1715875099639,Gw3lI40xWXS4MS7tsmY8,hA911Hr90KPbY6yO0OACx8tP2NE2
1717852811861,hdJuxY3tWmuZySExmVKs,FHqdFsrj4ZYPZL6AvuSUjOHnSiL2
1716635505378,I6AWdAj1WnDyzCVW312E,ffFOXVzeR2VK49LNLOTrVK2u6DV2
1717063104446,2fkGUlfCAjiJ1sF9MxY0,X5pSoHXR7oa4XH90Mg3huDaWASt1
1717337910455,xrIvvNLPdmEa5LGyevNf,2MQXbrefhTbyejpLcfrEkn01rSz1
1714836734940,C3frxp2RDJ2quWKc9mqN,qMHVQGPKvNMdZLX8YnPH29ZYoyG3
1715886027454,RF0Gh7aSA6hQiQ4ltqoX,z5Vl3tUSRgalHfSho6JFNkpjxpn1
1716132794112,C3frxp2RDJ2quWKc9mqN,qMHVQGPKvNMdZLX8YnPH29ZYoyG3
1715886482576,I6AWdAj1WnDyzCVW312E,z5Vl3tUSRgalHfSho6JFNkpjxpn1
1715849118300,I6AWdAj1WnDyzCVW312E,SF41IxDyM4RSbTEsLNV1TP7JhdE2
1717422143254,PZUjDYMnd7MdNZZFQ07C,xd90PSoHbugHnzRD3eqHotP076X2
1716045633494,osHwnQTP7wpBpBeVE2s7,erTb8ZSFbaQH1hUIRYvVoOEoAOm1
1717526735718,hdJuxY3tWmuZySExmVKs,sJHi3tHqLLOnTwSlvhvLGIKeimD2
1716630424575,RF0Gh7aSA6hQiQ4ltqoX,qMHVQGPKvNMdZLX8YnPH29ZYoyG3
1717494528028,YJPGNNffL2VFqwmdoFFG,r4uAkw35sxMJVTxx21DUWW4P5HB3
1717530482844,m9efa6bdwh24az6SlL9K,sJHi3tHqLLOnTwSlvhvLGIKeimD2
1717243020810,I6AWdAj1WnDyzCVW312E,z5Vl3tUSRgalHfSho6JFNkpjxpn1
1716049849932,RF0Gh7aSA6hQiQ4ltqoX,qMHVQGPKvNMdZLX8YnPH29ZYoyG3
1715066777190,I6AWdAj1WnDyzCVW312E,914umpyeZkY5lglo8KGumeZWF002
1716831196413,C3frxp2RDJ2quWKc9mqN,qMHVQGPKvNMdZLX8YnPH29ZYoyG3
1716465649013,wRknLouXo7dk7IMavsQ8,axYHQ2yjnTdwLf6R7eP5LKm82Y53
1717694157836,3wdruIJ01ALCZxosRmpU,z5Vl3tUSRgalHfSho6JFNkpjxpn1
1716534373999,xrIvvNLPdmEa5LGyevNf,NaPJhyyglGO5W5en9C6P4BoUXof2
1714830330006,I6AWdAj1WnDyzCVW312E,qMHVQGPKvNMdZLX8YnPH29ZYoyG3
1716465825148,XSMZkpA4YsDjsAB94SWu,axYHQ2yjnTdwLf6R7eP5LKm82Y53
1715875043694,DbgjnYkafnpM6OubiPf3,hA911Hr90KPbY6yO0OACx8tP2NE2
1715871093836,xrIvvNLPdmEa5LGyevNf,914umpyeZkY5lglo8KGumeZWF002
1717006168536,jWwIcd1tNfkAaJo62njO,DFZU3UfzhgRM1sHo3poKO1nioqF2
1714837558064,ukOy5p9BTcLnucbZtfXO,qMHVQGPKvNMdZLX8YnPH29ZYoyG3
1715953510743,RF0Gh7aSA6hQiQ4ltqoX,qMHVQGPKvNMdZLX8YnPH29ZYoyG3
1715275053465,I6AWdAj1WnDyzCVW312E,914umpyeZkY5lglo8KGumeZWF002
1717612996710,wRknLouXo7dk7IMavsQ8,313VQeWKBWVSt90xfJKK0Y803ga2
1715875138588,YJPGNNffL2VFqwmdoFFG,hA911Hr90KPbY6yO0OACx8tP2NE2
1716044222538,C3frxp2RDJ2quWKc9mqN,87e8FtLhawXUWZ2rR1FXpBZ2Mtz2
1716054982335,RF0Gh7aSA6hQiQ4ltqoX,qMHVQGPKvNMdZLX8YnPH29ZYoyG3
1714653543279,I6AWdAj1WnDyzCVW312E,914umpyeZkY5lglo8KGumeZWF002
1716134055543,3wdruIJ01ALCZxosRmpU,GzZT4dNYCbRjK0TBq4Sre4jcYGh1
1716320817847,m9efa6bdwh24az6SlL9K,z5Vl3tUSRgalHfSho6JFNkpjxpn1
1716208149546,jWwIcd1tNfkAaJo62njO,ldBmjwfJ4nao6I0c3QkSWVyxInC3
1717428617751,KZyZa9pEBuGrFOp4Vweq,z5Vl3tUSRgalHfSho6JFNkpjxpn1
1716742857245,YJPGNNffL2VFqwmdoFFG,AkK9DilFPCOis7c5aImtHk8Ui5m1
1717352265408,C3frxp2RDJ2quWKc9mqN,2Dnk3xqJF6NF4ZJWcA7f2zrlnO13
1717605110040,3wdruIJ01ALCZxosRmpU,313VQeWKBWVSt90xfJKK0Y803ga2
1716385114125,C3frxp2RDJ2quWKc9mqN,uXAgoC9mauMMGQMahyxiuHhGnGJ3
1716116049342,RF0Gh7aSA6hQiQ4ltqoX,qMHVQGPKvNMdZLX8YnPH29ZYoyG3
1716742946871,3wdruIJ01ALCZxosRmpU,AkK9DilFPCOis7c5aImtHk8Ui5m1
1716040948693,YJPGNNffL2VFqwmdoFFG,qMHVQGPKvNMdZLX8YnPH29ZYoyG3
1715863560130,I6AWdAj1WnDyzCVW312E,qMHVQGPKvNMdZLX8YnPH29ZYoyG3
1716698273121,I6AWdAj1WnDyzCVW312E,z5Vl3tUSRgalHfSho6JFNkpjxpn1
1716035493090,YJPGNNffL2VFqwmdoFFG,qMHVQGPKvNMdZLX8YnPH29ZYoyG3
1716029295207,RF0Gh7aSA6hQiQ4ltqoX,qMHVQGPKvNMdZLX8YnPH29ZYoyG3
1717102421296,JnzHTPdXIKHZfSHEBZi2,miy7809XCNhXj9Bv0VfPYXob3AD2
1716648067000,RF0Gh7aSA6hQiQ4ltqoX,qMHVQGPKvNMdZLX8YnPH29ZYoyG3
1716649763026,RF0Gh7aSA6hQiQ4ltqoX,qMHVQGPKvNMdZLX8YnPH29ZYoyG3
1717061928211,RF0Gh7aSA6hQiQ4ltqoX,X5pSoHXR7oa4XH90Mg3huDaWASt1
1716622126495,m9efa6bdwh24az6SlL9K,qMHVQGPKvNMdZLX8YnPH29ZYoyG3
1715960514944,I6AWdAj1WnDyzCVW312E,b6aunqCXt4RLfdmcQLxYZR1F6W33
1717906298627,C3frxp2RDJ2quWKc9mqN,87e8FtLhawXUWZ2rR1FXpBZ2Mtz2
1716037880012,YJPGNNffL2VFqwmdoFFG,z5Vl3tUSRgalHfSho6JFNkpjxpn1
1716037978082,C3frxp2RDJ2quWKc9mqN,qMHVQGPKvNMdZLX8YnPH29ZYoyG3
1717774585755,I6AWdAj1WnDyzCVW312E,z5Vl3tUSRgalHfSho6JFNkpjxpn1
1717482353516,hdJuxY3tWmuZySExmVKs,1kftiDxaQlT4N0NFXV4Ff70KgBF3
1716636711197,JnzHTPdXIKHZfSHEBZi2,I6elAlW14FXyawwu9ri0ANirM0x1
1716128486322,jWwIcd1tNfkAaJo62njO,z5Vl3tUSRgalHfSho6JFNkpjxpn1
1716644794927,YJPGNNffL2VFqwmdoFFG,z5Vl3tUSRgalHfSho6JFNkpjxpn1
1716132977972,RF0Gh7aSA6hQiQ4ltqoX,qMHVQGPKvNMdZLX8YnPH29ZYoyG3
1717852860386,X8IIXOQhGCFdK9TmKLfu,FHqdFsrj4ZYPZL6AvuSUjOHnSiL2
1717929981132,I6AWdAj1WnDyzCVW312E,z5Vl3tUSRgalHfSho6JFNkpjxpn1
1717063063422,YJPGNNffL2VFqwmdoFFG,X5pSoHXR7oa4XH90Mg3huDaWASt1
1717353893122,PZUjDYMnd7MdNZZFQ07C,RM7mi4SVvGhIydxwmmt6djQQL3D3
1716635413869,3wdruIJ01ALCZxosRmpU,ffFOXVzeR2VK49LNLOTrVK2u6DV2
1716812430052,JnzHTPdXIKHZfSHEBZi2,g1Os1DQ1U9UxVfYBnLKIl03XTEm2
1716644687755,RF0Gh7aSA6hQiQ4ltqoX,qMHVQGPKvNMdZLX8YnPH29ZYoyG3
1716056423450,C3frxp2RDJ2quWKc9mqN,qMHVQGPKvNMdZLX8YnPH29ZYoyG3
1716635453673,JnzHTPdXIKHZfSHEBZi2,ffFOXVzeR2VK49LNLOTrVK2u6DV2
1715790018706,ukOy5p9BTcLnucbZtfXO,z5Vl3tUSRgalHfSho6JFNkpjxpn1
1716831338127,RF0Gh7aSA6hQiQ4ltqoX,qMHVQGPKvNMdZLX8YnPH29ZYoyG3
1716831609196,C3frxp2RDJ2quWKc9mqN,qMHVQGPKvNMdZLX8YnPH29ZYoyG3
1716133613766,YJPGNNffL2VFqwmdoFFG,qMHVQGPKvNMdZLX8YnPH29ZYoyG3
1717605081887,JnzHTPdXIKHZfSHEBZi2,313VQeWKBWVSt90xfJKK0Y803ga2
1716666857309,xrIvvNLPdmEa5LGyevNf,iAooyGTe0sVTTvfpNpQHg2hKTuv1
1715951201294,I6AWdAj1WnDyzCVW312E,z5Vl3tUSRgalHfSho6JFNkpjxpn1
1717604990810,3wdruIJ01ALCZxosRmpU,313VQeWKBWVSt90xfJKK0Y803ga2
1716584768752,YJPGNNffL2VFqwmdoFFG,z5Vl3tUSRgalHfSho6JFNkpjxpn1
1716141937296,RF0Gh7aSA6hQiQ4ltqoX,qMHVQGPKvNMdZLX8YnPH29ZYoyG3
1714837564028,jWwIcd1tNfkAaJo62njO,qMHVQGPKvNMdZLX8YnPH29ZYoyG3
1715379323695,RF0Gh7aSA6hQiQ4ltqoX,z5Vl3tUSRgalHfSho6JFNkpjxpn1
1715166759834,I6AWdAj1WnDyzCVW312E,914umpyeZkY5lglo8KGumeZWF002
1716536326587,YJPGNNffL2VFqwmdoFFG,OFfw0tOPqLfFbMCfwNoVYcxKNJf1
1716796377501,kkjvZAJtoLaxiVNDU2VG,FHqdFsrj4ZYPZL6AvuSUjOHnSiL2
1717350554052,C3frxp2RDJ2quWKc9mqN,omfHlCaqhLN7VprUtxb6IsvPNcr2
1717605069480,KZyZa9pEBuGrFOp4Vweq,313VQeWKBWVSt90xfJKK0Y803ga2
1716027192637,I6AWdAj1WnDyzCVW312E,z5Vl3tUSRgalHfSho6JFNkpjxpn1
1716904345474,XSMZkpA4YsDjsAB94SWu,hA911Hr90KPbY6yO0OACx8tP2NE2
1715859179109,C3frxp2RDJ2quWKc9mqN,qMHVQGPKvNMdZLX8YnPH29ZYoyG3
1714829482147,I6AWdAj1WnDyzCVW312E,qMHVQGPKvNMdZLX8YnPH29ZYoyG3
1715956112712,C3frxp2RDJ2quWKc9mqN,z5Vl3tUSRgalHfSho6JFNkpjxpn1
1715431624686,I6AWdAj1WnDyzCVW312E,914umpyeZkY5lglo8KGumeZWF002
1716638626687,JnzHTPdXIKHZfSHEBZi2,qMHVQGPKvNMdZLX8YnPH29ZYoyG3
1717353949458,hdJuxY3tWmuZySExmVKs,RM7mi4SVvGhIydxwmmt6djQQL3D3
1715785567170,I6AWdAj1WnDyzCVW312E,z5Vl3tUSRgalHfSho6JFNkpjxpn1
1717605001960,JnzHTPdXIKHZfSHEBZi2,313VQeWKBWVSt90xfJKK0Y803ga2
1716115710551,I6AWdAj1WnDyzCVW312E,qMHVQGPKvNMdZLX8YnPH29ZYoyG3
1717448944788,kkjvZAJtoLaxiVNDU2VG,7odmEfSWmpOK0yXpKAux6oD84n33
1716106927622,KZyZa9pEBuGrFOp4Vweq,zAUbebwMo3TY8MqBKBldpDeyIUb2
1716812250530,KZyZa9pEBuGrFOp4Vweq,g1Os1DQ1U9UxVfYBnLKIl03XTEm2
1716036049715,C3frxp2RDJ2quWKc9mqN,qMHVQGPKvNMdZLX8YnPH29ZYoyG3
1716056805260,C3frxp2RDJ2quWKc9mqN,m5LXPhXcsVfmlVuGJs7GJiaR18J3
1717616257789,3wdruIJ01ALCZxosRmpU,qMHVQGPKvNMdZLX8YnPH29ZYoyG3
1717530540445,P3QgwEo7k03TszLkDKQe,sJHi3tHqLLOnTwSlvhvLGIKeimD2
1716635481523,C3frxp2RDJ2quWKc9mqN,ffFOXVzeR2VK49LNLOTrVK2u6DV2
1716642941325,RF0Gh7aSA6hQiQ4ltqoX,qMHVQGPKvNMdZLX8YnPH29ZYoyG3
1717240232017,YJPGNNffL2VFqwmdoFFG,z5Vl3tUSRgalHfSho6JFNkpjxpn1
1716465940302,hdJuxY3tWmuZySExmVKs,axYHQ2yjnTdwLf6R7eP5LKm82Y53
1717604961871,KZyZa9pEBuGrFOp4Vweq,313VQeWKBWVSt90xfJKK0Y803ga2
1716636863301,wRknLouXo7dk7IMavsQ8,I6elAlW14FXyawwu9ri0ANirM0x1
1716136400935,C3frxp2RDJ2quWKc9mqN,qMHVQGPKvNMdZLX8YnPH29ZYoyG3
1714836988336,C3frxp2RDJ2quWKc9mqN,qMHVQGPKvNMdZLX8YnPH29ZYoyG3
1715628156909,C3frxp2RDJ2quWKc9mqN,qMHVQGPKvNMdZLX8YnPH29ZYoyG3
1716283301445,KZyZa9pEBuGrFOp4Vweq,HRlzktBMSpQHtMD2P0Rm7KcXber2
1716635463721,wRknLouXo7dk7IMavsQ8,ffFOXVzeR2VK49LNLOTrVK2u6DV2
1717006231405,GRojSHY5EvVgbqhrZ2zC,DFZU3UfzhgRM1sHo3poKO1nioqF2
1716106060185,YJPGNNffL2VFqwmdoFFG,qMHVQGPKvNMdZLX8YnPH29ZYoyG3
1717852839230,wRknLouXo7dk7IMavsQ8,FHqdFsrj4ZYPZL6AvuSUjOHnSiL2
1716045829516,GRojSHY5EvVgbqhrZ2zC,qMHVQGPKvNMdZLX8YnPH29ZYoyG3
1716792327598,YJPGNNffL2VFqwmdoFFG,FHqdFsrj4ZYPZL6AvuSUjOHnSiL2
1716631485288,YJPGNNffL2VFqwmdoFFG,qMHVQGPKvNMdZLX8YnPH29ZYoyG3
1715875020325,Gw3lI40xWXS4MS7tsmY8,hA911Hr90KPbY6yO0OACx8tP2NE2
1715871151291,m9efa6bdwh24az6SlL9K,914umpyeZkY5lglo8KGumeZWF002
1715878117924,YJPGNNffL2VFqwmdoFFG,z5Vl3tUSRgalHfSho6JFNkpjxpn1
1715953698444,RF0Gh7aSA6hQiQ4ltqoX,qMHVQGPKvNMdZLX8YnPH29ZYoyG3
1716126928609,RF0Gh7aSA6hQiQ4ltqoX,qMHVQGPKvNMdZLX8YnPH29ZYoyG3
1717852803073,kkjvZAJtoLaxiVNDU2VG,FHqdFsrj4ZYPZL6AvuSUjOHnSiL2
1716137314954,C3frxp2RDJ2quWKc9mqN,qMHVQGPKvNMdZLX8YnPH29ZYoyG3
1715764392712,I6AWdAj1WnDyzCVW312E,914umpyeZkY5lglo8KGumeZWF002
1716634841050,RF0Gh7aSA6hQiQ4ltqoX,qMHVQGPKvNMdZLX8YnPH29ZYoyG3
1716650572359,6rpkh8W5T2XyNQbvuCPd,qMHVQGPKvNMdZLX8YnPH29ZYoyG3
1717440315367,jWwIcd1tNfkAaJo62njO,qMHVQGPKvNMdZLX8YnPH29ZYoyG3
1717422651953,Gw3lI40xWXS4MS7tsmY8,xd90PSoHbugHnzRD3eqHotP076X2
1715871038925,3wdruIJ01ALCZxosRmpU,914umpyeZkY5lglo8KGumeZWF002
1715098604808,C3frxp2RDJ2quWKc9mqN,z5Vl3tUSRgalHfSho6JFNkpjxpn1
1715538718959,I6AWdAj1WnDyzCVW312E,qMHVQGPKvNMdZLX8YnPH29ZYoyG3
1716115557736,DbgjnYkafnpM6OubiPf3,qMHVQGPKvNMdZLX8YnPH29ZYoyG3
1715855244487,GRojSHY5EvVgbqhrZ2zC,914umpyeZkY5lglo8KGumeZWF002
1715378794720,3wdruIJ01ALCZxosRmpU,z5Vl3tUSRgalHfSho6JFNkpjxpn1
1716035664080,YJPGNNffL2VFqwmdoFFG,jkChc1Rrx9cuUyCM1LDJPS3Rl9h2
1716831596759,C3frxp2RDJ2quWKc9mqN,qMHVQGPKvNMdZLX8YnPH29ZYoyG3
1716045886310,RF0Gh7aSA6hQiQ4ltqoX,qMHVQGPKvNMdZLX8YnPH29ZYoyG3
1715161707128,C3frxp2RDJ2quWKc9mqN,914umpyeZkY5lglo8KGumeZWF002
1717964178499,6rpkh8W5T2XyNQbvuCPd,313VQeWKBWVSt90xfJKK0Y803ga2
1717526811978,YJPGNNffL2VFqwmdoFFG,sJHi3tHqLLOnTwSlvhvLGIKeimD2
1716632136006,RF0Gh7aSA6hQiQ4ltqoX,qMHVQGPKvNMdZLX8YnPH29ZYoyG3
1716637396330,DbgjnYkafnpM6OubiPf3,I6elAlW14FXyawwu9ri0ANirM0x1
1717338051535,PZUjDYMnd7MdNZZFQ07C,2MQXbrefhTbyejpLcfrEkn01rSz1
1717785714679,3wdruIJ01ALCZxosRmpU,z5Vl3tUSRgalHfSho6JFNkpjxpn1
1717526723698,jWwIcd1tNfkAaJo62njO,sJHi3tHqLLOnTwSlvhvLGIKeimD2
1717063095854,I6AWdAj1WnDyzCVW312E,X5pSoHXR7oa4XH90Mg3huDaWASt1
1716046276433,I6AWdAj1WnDyzCVW312E,qMHVQGPKvNMdZLX8YnPH29ZYoyG3
1716643795025,RF0Gh7aSA6hQiQ4ltqoX,qMHVQGPKvNMdZLX8YnPH29ZYoyG3
1716629791294,RF0Gh7aSA6hQiQ4ltqoX,qMHVQGPKvNMdZLX8YnPH29ZYoyG3
1715628333229,RF0Gh7aSA6hQiQ4ltqoX,qMHVQGPKvNMdZLX8YnPH29ZYoyG3
1716666942935,JnzHTPdXIKHZfSHEBZi2,iAooyGTe0sVTTvfpNpQHg2hKTuv1
1716633860328,RF0Gh7aSA6hQiQ4ltqoX,qMHVQGPKvNMdZLX8YnPH29ZYoyG3
1716045622684,PZUjDYMnd7MdNZZFQ07C,erTb8ZSFbaQH1hUIRYvVoOEoAOm1
1717062778505,YJPGNNffL2VFqwmdoFFG,X5pSoHXR7oa4XH90Mg3huDaWASt1
1717782279730,PLlrrcpMxYZxXVa1jUhv,qMHVQGPKvNMdZLX8YnPH29ZYoyG3
1716127512910,YJPGNNffL2VFqwmdoFFG,z5Vl3tUSRgalHfSho6JFNkpjxpn1
1716631198623,RF0Gh7aSA6hQiQ4ltqoX,qMHVQGPKvNMdZLX8YnPH29ZYoyG3
1716034918721,ukOy5p9BTcLnucbZtfXO,qMHVQGPKvNMdZLX8YnPH29ZYoyG3
1714837233099,ukOy5p9BTcLnucbZtfXO,qMHVQGPKvNMdZLX8YnPH29ZYoyG3
1714830389244,I6AWdAj1WnDyzCVW312E,qMHVQGPKvNMdZLX8YnPH29ZYoyG3
1717006233982,C3frxp2RDJ2quWKc9mqN,DFZU3UfzhgRM1sHo3poKO1nioqF2
1716031595368,jWwIcd1tNfkAaJo62njO,z5Vl3tUSRgalHfSho6JFNkpjxpn1
1716121540843,I6AWdAj1WnDyzCVW312E,z5Vl3tUSRgalHfSho6JFNkpjxpn1
1715949130665,I6AWdAj1WnDyzCVW312E,z5Vl3tUSRgalHfSho6JFNkpjxpn1
1715972513921,RF0Gh7aSA6hQiQ4ltqoX,313VQeWKBWVSt90xfJKK0Y803ga2
1717006184907,m9efa6bdwh24az6SlL9K,DFZU3UfzhgRM1sHo3poKO1nioqF2
1717352158480,C3frxp2RDJ2quWKc9mqN,2Dnk3xqJF6NF4ZJWcA7f2zrlnO13
1717440301601,RF0Gh7aSA6hQiQ4ltqoX,qMHVQGPKvNMdZLX8YnPH29ZYoyG3
1716044299627,C3frxp2RDJ2quWKc9mqN,qMHVQGPKvNMdZLX8YnPH29ZYoyG3
1717503067088,JnzHTPdXIKHZfSHEBZi2,z5Vl3tUSRgalHfSho6JFNkpjxpn1
1716742370800,RF0Gh7aSA6hQiQ4ltqoX,AkK9DilFPCOis7c5aImtHk8Ui5m1
1716584836093,3wdruIJ01ALCZxosRmpU,z5Vl3tUSRgalHfSho6JFNkpjxpn1
1716743260393,JnzHTPdXIKHZfSHEBZi2,AkK9DilFPCOis7c5aImtHk8Ui5m1
1717448983566,m9efa6bdwh24az6SlL9K,7odmEfSWmpOK0yXpKAux6oD84n33
1716641420874,YJPGNNffL2VFqwmdoFFG,qMHVQGPKvNMdZLX8YnPH29ZYoyG3
1717347743781,C3frxp2RDJ2quWKc9mqN,omfHlCaqhLN7VprUtxb6IsvPNcr2
1717448952260,DbgjnYkafnpM6OubiPf3,7odmEfSWmpOK0yXpKAux6oD84n33
1715956219941,RF0Gh7aSA6hQiQ4ltqoX,z5Vl3tUSRgalHfSho6JFNkpjxpn1
1717604995635,2fkGUlfCAjiJ1sF9MxY0,313VQeWKBWVSt90xfJKK0Y803ga2
1717604906275,3wdruIJ01ALCZxosRmpU,313VQeWKBWVSt90xfJKK0Y803ga2
1716106913466,PLlrrcpMxYZxXVa1jUhv,zAUbebwMo3TY8MqBKBldpDeyIUb2
1717503363257,3wdruIJ01ALCZxosRmpU,omfHlCaqhLN7VprUtxb6IsvPNcr2
1716035098342,I6AWdAj1WnDyzCVW312E,qMHVQGPKvNMdZLX8YnPH29ZYoyG3
1716027833573,I6AWdAj1WnDyzCVW312E,z5Vl3tUSRgalHfSho6JFNkpjxpn1
1717966271943,C3frxp2RDJ2quWKc9mqN,RM7mi4SVvGhIydxwmmt6djQQL3D3
1716792611681,kkjvZAJtoLaxiVNDU2VG,FHqdFsrj4ZYPZL6AvuSUjOHnSiL2
1716636851933,PLlrrcpMxYZxXVa1jUhv,I6elAlW14FXyawwu9ri0ANirM0x1
1717063121788,PLlrrcpMxYZxXVa1jUhv,X5pSoHXR7oa4XH90Mg3huDaWASt1
1716030639646,YJPGNNffL2VFqwmdoFFG,qMHVQGPKvNMdZLX8YnPH29ZYoyG3
1717353886103,I6AWdAj1WnDyzCVW312E,RM7mi4SVvGhIydxwmmt6djQQL3D3
1716799502177,YJPGNNffL2VFqwmdoFFG,RPS3Z11YiGgEf0wCKcGp6lBu1a02
1714836750994,C3frxp2RDJ2quWKc9mqN,qMHVQGPKvNMdZLX8YnPH29ZYoyG3
1717604977050,JnzHTPdXIKHZfSHEBZi2,313VQeWKBWVSt90xfJKK0Y803ga2
1716632809592,RF0Gh7aSA6hQiQ4ltqoX,qMHVQGPKvNMdZLX8YnPH29ZYoyG3
1717006144370,C3frxp2RDJ2quWKc9mqN,DFZU3UfzhgRM1sHo3poKO1nioqF2
1717963842425,RF0Gh7aSA6hQiQ4ltqoX,313VQeWKBWVSt90xfJKK0Y803ga2
1715764872354,I6AWdAj1WnDyzCVW312E,914umpyeZkY5lglo8KGumeZWF002
1717449067080,PLlrrcpMxYZxXVa1jUhv,7odmEfSWmpOK0yXpKAux6oD84n33
1716030924647,KZyZa9pEBuGrFOp4Vweq,z5Vl3tUSRgalHfSho6JFNkpjxpn1
1717440394246,PLlrrcpMxYZxXVa1jUhv,qMHVQGPKvNMdZLX8YnPH29ZYoyG3
1715538771259,I6AWdAj1WnDyzCVW312E,qMHVQGPKvNMdZLX8YnPH29ZYoyG3
1717080605447,GRojSHY5EvVgbqhrZ2zC,8H4CV34KQHgrMj1DLy4J2NwlF5e2
1717063050251,ukOy5p9BTcLnucbZtfXO,X5pSoHXR7oa4XH90Mg3huDaWASt1
1716622244404,RF0Gh7aSA6hQiQ4ltqoX,qMHVQGPKvNMdZLX8YnPH29ZYoyG3
1716832725415,YJPGNNffL2VFqwmdoFFG,qMHVQGPKvNMdZLX8YnPH29ZYoyG3
1715628269969,m9efa6bdwh24az6SlL9K,qMHVQGPKvNMdZLX8YnPH29ZYoyG3
1716034974736,ukOy5p9BTcLnucbZtfXO,z5Vl3tUSRgalHfSho6JFNkpjxpn1
1717605095879,2fkGUlfCAjiJ1sF9MxY0,313VQeWKBWVSt90xfJKK0Y803ga2
1716030756074,YJPGNNffL2VFqwmdoFFG,z5Vl3tUSRgalHfSho6JFNkpjxpn1
1716045627091,DbgjnYkafnpM6OubiPf3,erTb8ZSFbaQH1hUIRYvVoOEoAOm1
1716636810136,2fkGUlfCAjiJ1sF9MxY0,I6elAlW14FXyawwu9ri0ANirM0x1
1716057044396,YJPGNNffL2VFqwmdoFFG,qMHVQGPKvNMdZLX8YnPH29ZYoyG3
1716643475519,C3frxp2RDJ2quWKc9mqN,qMHVQGPKvNMdZLX8YnPH29ZYoyG3
1717778004039,JnzHTPdXIKHZfSHEBZi2,VACXPdk4TsUF70UeduW2icfq9X62
1714831653150,I6AWdAj1WnDyzCVW312E,z5Vl3tUSRgalHfSho6JFNkpjxpn1
1717080562964,C3frxp2RDJ2quWKc9mqN,8H4CV34KQHgrMj1DLy4J2NwlF5e2
1716137628115,YJPGNNffL2VFqwmdoFFG,qMHVQGPKvNMdZLX8YnPH29ZYoyG3
1717613030596,KZyZa9pEBuGrFOp4Vweq,313VQeWKBWVSt90xfJKK0Y803ga2
1717526655058,C3frxp2RDJ2quWKc9mqN,sJHi3tHqLLOnTwSlvhvLGIKeimD2
1716067324414,RF0Gh7aSA6hQiQ4ltqoX,yK8bHykMuPg4KqJof3jeuMI7Dn72
1716831478011,RF0Gh7aSA6hQiQ4ltqoX,qMHVQGPKvNMdZLX8YnPH29ZYoyG3
1716029238999,YJPGNNffL2VFqwmdoFFG,qMHVQGPKvNMdZLX8YnPH29ZYoyG3
1717061205331,ukOy5p9BTcLnucbZtfXO,X5pSoHXR7oa4XH90Mg3huDaWASt1
1716056481261,jWwIcd1tNfkAaJo62njO,qMHVQGPKvNMdZLX8YnPH29ZYoyG3
1717530386764,YJPGNNffL2VFqwmdoFFG,sJHi3tHqLLOnTwSlvhvLGIKeimD2
1716698358654,3wdruIJ01ALCZxosRmpU,z5Vl3tUSRgalHfSho6JFNkpjxpn1
1716628516297,I6AWdAj1WnDyzCVW312E,b6aunqCXt4RLfdmcQLxYZR1F6W33
1715871147459,P3QgwEo7k03TszLkDKQe,914umpyeZkY5lglo8KGumeZWF002
1715628361662,I6AWdAj1WnDyzCVW312E,qMHVQGPKvNMdZLX8YnPH29ZYoyG3
1717422164015,2fkGUlfCAjiJ1sF9MxY0,xd90PSoHbugHnzRD3eqHotP076X2
1717401206482,kkjvZAJtoLaxiVNDU2VG,Mdfom8mcVVZZ2iOaz2oJuUp9mhC2
1716137319998,C3frxp2RDJ2quWKc9mqN,ldBmjwfJ4nao6I0c3QkSWVyxInC3
1714837547822,ukOy5p9BTcLnucbZtfXO,qMHVQGPKvNMdZLX8YnPH29ZYoyG3
1714832890507,I6AWdAj1WnDyzCVW312E,z5Vl3tUSRgalHfSho6JFNkpjxpn1
1716030896600,RF0Gh7aSA6hQiQ4ltqoX,z5Vl3tUSRgalHfSho6JFNkpjxpn1
1716137675098,JnzHTPdXIKHZfSHEBZi2,qMHVQGPKvNMdZLX8YnPH29ZYoyG3
1716137532645,RF0Gh7aSA6hQiQ4ltqoX,qMHVQGPKvNMdZLX8YnPH29ZYoyG3
1717008927814,I6AWdAj1WnDyzCVW312E,qMHVQGPKvNMdZLX8YnPH29ZYoyG3
1717526717310,GRojSHY5EvVgbqhrZ2zC,sJHi3tHqLLOnTwSlvhvLGIKeimD2
1715356192959,RF0Gh7aSA6hQiQ4ltqoX,z5Vl3tUSRgalHfSho6JFNkpjxpn1
1716132457848,YJPGNNffL2VFqwmdoFFG,qMHVQGPKvNMdZLX8YnPH29ZYoyG3
1717080611662,YJPGNNffL2VFqwmdoFFG,8H4CV34KQHgrMj1DLy4J2NwlF5e2
1715871403820,KZyZa9pEBuGrFOp4Vweq,914umpyeZkY5lglo8KGumeZWF002
1716205575535,PLlrrcpMxYZxXVa1jUhv,bD9Zu0RHF0Vk1WGtyTAScOiZKRg2
1715628227214,I6AWdAj1WnDyzCVW312E,qMHVQGPKvNMdZLX8YnPH29ZYoyG3
1716635405071,P3QgwEo7k03TszLkDKQe,ffFOXVzeR2VK49LNLOTrVK2u6DV2
1716698276102,3wdruIJ01ALCZxosRmpU,z5Vl3tUSRgalHfSho6JFNkpjxpn1
1715356090809,RF0Gh7aSA6hQiQ4ltqoX,z5Vl3tUSRgalHfSho6JFNkpjxpn1
1716831300513,C3frxp2RDJ2quWKc9mqN,qMHVQGPKvNMdZLX8YnPH29ZYoyG3
1716027945396,PLlrrcpMxYZxXVa1jUhv,qMHVQGPKvNMdZLX8YnPH29ZYoyG3
1716630735168,YJPGNNffL2VFqwmdoFFG,qMHVQGPKvNMdZLX8YnPH29ZYoyG3
1716045579169,YJPGNNffL2VFqwmdoFFG,erTb8ZSFbaQH1hUIRYvVoOEoAOm1
1716466057297,Gw3lI40xWXS4MS7tsmY8,axYHQ2yjnTdwLf6R7eP5LKm82Y53
1715855248378,ukOy5p9BTcLnucbZtfXO,914umpyeZkY5lglo8KGumeZWF002
1715963330835,I6AWdAj1WnDyzCVW312E,z5Vl3tUSRgalHfSho6JFNkpjxpn1
1717422657122,xrIvvNLPdmEa5LGyevNf,xd90PSoHbugHnzRD3eqHotP076X2
1715855298837,DbgjnYkafnpM6OubiPf3,914umpyeZkY5lglo8KGumeZWF002
1717777921875,YJPGNNffL2VFqwmdoFFG,VACXPdk4TsUF70UeduW2icfq9X62
1714828257483,I6AWdAj1WnDyzCVW312E,qMHVQGPKvNMdZLX8YnPH29ZYoyG3
1717401180586,hdJuxY3tWmuZySExmVKs,Mdfom8mcVVZZ2iOaz2oJuUp9mhC2
1716810886754,YJPGNNffL2VFqwmdoFFG,UA1M59C8H0UtN5oIYKGV9DYoXVI2
1715432036447,I6AWdAj1WnDyzCVW312E,914umpyeZkY5lglo8KGumeZWF002
